trade_id,candidate_id,symbol,side,quantity,entry_timestamp,exit_timestamp,entry_price,exit_price,reason,pnl,costs,net_pnl,bars_held,entry_atr,planned_entry_price,planned_stop_price,planned_target_price,mfe_price,mae_price,mfe_r,mae_r,terminal_bar_excursion,mfe_pre_exit_bar_r,mae_pre_exit_bar_r,mfe_terminal_inclusive_r,mae_terminal_inclusive_r,terminal_inclusive_is_ohlc_bound
trade-2,candidate-222,LT,SELL,37,2023-12-05 10:01:00+05:30,2023-12-05 10:04:00+05:30,3297.417,3302.6505,governor_exit:FSR_BELOW_EXIT:FSRN,-193.63950000001023,78.92609341375,-272.5655934137602,3,12.603671393800699,3297.417,3312.426861767021,3274.902207349468,3297.417,3302.95,0.0,-0.3686243141930038,intrabar_order_unknown,0.0,-0.3686243141930038,-0.0,-0.43857832285064485,True
trade-1,candidate-194,SHRIRAMFIN,SELL,100,2023-12-05 09:58:00+05:30,2023-12-05 10:07:00+05:30,413.3821,413.4066,governor_exit:FSR_BELOW_EXIT:FSRN,-2.450000000004593,37.990634514999996,-40.44063451500459,9,1.8481727522701068,413.3821,415.5521135124861,410.1270797312708,413.0,414.0,0.17608185285548011,-0.2847447706867585,intrabar_order_unknown,0.17608185285548011,-0.2847447706867585,0.26824717756392263,-0.2847447706867585,True
trade-3,candidate-244,HDFCLIFE,SELL,100,2023-12-05 10:05:00+05:30,2023-12-05 10:09:00+05:30,671.8094,672.286,governor_exit:FSR_BELOW_EXIT:FSRN,-47.65999999999622,61.432364129999996,-109.09236412999621,4,1.9332067669173245,671.8094,673.9173439639218,668.6474840541173,671.5,672.95,0.14677809528880847,-0.5410959776549249,intrabar_order_unknown,0.14677809528880847,-0.5410959776549249,0.3365364602387872,-0.5410959776549249,True
trade-5,candidate-260,TITAN,SELL,27,2023-12-05 10:07:00+05:30,2023-12-05 10:10:00+05:30,3499.9292,3506.4524,governor_exit:FSR_BELOW_EXIT:FSRN,-176.12640000000238,70.15096656040001,-246.27736656040238,3,12.738253527452198,3499.9292,3514.9510554386934,3477.3964168419598,3499.9292,3504.7,0.0,-0.31759059454873545,intrabar_order_unknown,0.0,-0.31759059454873545,-0.0,-0.3641893654433887,True
trade-4,candidate-255,APOLLOHOSP,SELL,15,2023-12-05 10:07:00+05:30,2023-12-05 10:13:00+05:30,5633.1584,5644.7209,governor_exit:FSR_BELOW_EXIT:FSRN,-173.4375,66.96064653775,-240.39814653775,6,22.014296433378338,5633.1584,5659.286773847495,5593.965839228757,5625.05,5645.15,0.3103293012924138,-0.45894934258027265,intrabar_order_unknown,0.3103293012924138,-0.45894934258027265,0.3103293012924138,-0.5297535958720532,True
trade-6,candidate-325,HINDUNILVR,SELL,51,2023-12-05 10:28:00+05:30,2023-12-05 10:37:00+05:30,2594.6369,2594.3465,governor_exit:GOVERNOR_PATH_ERROR,14.810399999993024,82.21163676729999,-67.40123676730697,9,14.100675976491905,2594.6369,2611.0223803220892,2570.058679516866,2592.1,2595.95,0.15482609909091666,-0.08013802306604698,intrabar_order_unknown,0.15482609909091666,-0.08013802306604698,0.15482609909091666,-0.08013802306604698,True
trade-7,candidate-413,LT,SELL,40,2023-12-05 10:43:00+05:30,2023-12-05 10:46:00+05:30,3300.8099,3302.6505,governor_exit:FSR_BELOW_EXIT:FSRN,-73.6239999999998,82.120874352,-155.74487435199978,3,15.11189945202024,3300.8099,3318.7749968543108,3273.862254718534,3300.8099,3303.5,0.0,-0.1497403560813165,intrabar_order_unknown,0.0,-0.1497403560813165,0.04508186104245076,-0.1497403560813165,True
trade-8,candidate-465,HINDUNILVR,SELL,52,2023-12-05 10:53:00+05:30,2023-12-05 10:56:00+05:30,2588.7701,2591.4451,governor_exit:GOVERNOR_PATH_ERROR,-139.0999999999858,82.94731736880001,-222.04731736878583,3,10.940346975088534,2588.7701,2601.514940103092,2569.652839845362,2588.7701,2591.65,0.0,-0.22596595772913824,intrabar_order_unknown,0.0,-0.22596595772913824,-0.0,-0.22596595772913824,True
trade-9,candidate-626,CIPLA,SELL,100,2023-12-05 11:24:00+05:30,2023-12-05 11:34:00+05:30,1220.5173,1218.659,governor_exit:FSR_BELOW_EXIT:FSRN,185.8299999999872,78.928090735,106.9019092649872,10,6.000657732213317,1220.5173,1226.9980103507903,1210.7962344738144,1218.05,1221.95,0.38071443814783856,-0.22107144471058612,intrabar_order_unknown,0.38071443814783856,-0.22107144471058612,0.45786647441173733,-0.22107144471058612,True
trade-10,candidate-762,CIPLA,SELL,100,2023-12-05 11:39:00+05:30,2023-12-05 11:42:00+05:30,1217.97,1220.66,governor_exit:FSR_BELOW_EXIT:FSRN,-269.00000000000546,78.8625235,-347.86252350000547,3,6.474566657311501,1217.97,1224.9625319898964,1207.4812020151553,1217.97,1220.85,0.0,-0.41186797631547895,intrabar_order_unknown,0.0,-0.41186797631547895,-0.0,-0.41186797631547895,True
trade-11,candidate-836,BHARTIARTL,SELL,100,2023-12-05 11:46:00+05:30,2023-12-05 11:46:00+05:30,1032.9951,1034.617,micom_trip:ANSI 21,-162.18999999998687,72.95813924500001,-235.14813924498688,0,6.6764411337209495,1032.9951,1040.7742088805883,1021.3264366791178,1032.9951,1032.9951,0.0,0.0,intrabar_order_unknown,0.0,0.0,-0.0,-0.25772874898343306,True
trade-12,candidate-997,CIPLA,SELL,21,2023-12-05 12:02:00+05:30,2023-12-05 12:05:00+05:30,1217.3166,1219.4594,governor_exit:FSR_BELOW_EXIT:FSRN,-44.99879999999689,23.508045162,-68.50684516199689,3,7.1774444227770005,1217.3166,1225.7775890207768,1204.6251164688351,1216.95,1218.75,0.04332826801924053,-0.16941281881823286,intrabar_order_unknown,0.04332826801924053,-0.16941281881823286,0.04332826801924053,-0.19305071735573587,True
trade-13,candidate-1235,BHARTIARTL,SELL,100,2023-12-05 13:04:00+05:30,2023-12-05 13:17:00+05:30,1028.7502,1027.5135,governor_exit:FSR_BELOW_EXIT:FSRN,123.6699999999928,72.812864765,50.857135234992796,13,6.433966932725224,1028.7502,1036.2480615012178,1017.5034077481732,1026.4,1029.95,0.31344937481415686,-0.1600189600468377,intrabar_order_unknown,0.31344937481415686,-0.1600189600468377,0.31344937481415686,-0.1600189600468377,True
trade-14,candidate-1665,INFY,BUY,94,2023-12-05 15:14:00+05:30,2023-12-05 15:19:00+05:30,1423.8442,1422.5883,governor_exit:GOVERNOR_PATH_ERROR,-118.0546000000104,82.6618056475,-200.71640564751038,5,10.112210526316382,1423.8442,1412.1250182185343,1441.4229726721987,1424.2,1423.2,0.03036048135738909,-0.05496970795510465,intrabar_order_unknown,0.03036048135738909,-0.05496970795510465,0.03036048135738909,-0.05496970795510465,True
trade-15,candidate-1710,TITAN,BUY,37,2023-12-05 15:18:00+05:30,2023-12-05 15:21:00+05:30,3551.689,3547.0756,governor_exit:FSR_BELOW_EXIT:FSRN,-170.69579999998996,81.8720223119,-252.56782231188996,3,17.4264974375399,3551.689,3531.185783332,3582.443825002,3551.689,3548.0,0.0,-0.1799229876820947,intrabar_order_unknown,0.0,-0.1799229876820947,0.0,-0.25795952340758854,True
trade-16,candidate-1918,APOLLOHOSP,SELL,10,2023-12-06 10:00:00+05:30,2023-12-06 10:03:00+05:30,5586.6486,5586.742,governor_exit:FSR_BELOW_EXIT:FSRN,-0.933999999997468,51.341613057,-52.27561305699747,3,13.975,5586.6486,5602.273389571058,5563.211415643414,5581.0,5592.9,0.36151526868967027,-0.40009498826012396,intrabar_order_unknown,0.36151526868967027,-0.40009498826012396,0.36151526868967027,-0.40009498826012396,True
trade-17,candidate-1974,JIOFIN,SELL,100,2023-12-06 10:07:00+05:30,2023-12-06 10:11:00+05:30,245.6808,245.3226,governor_exit:FSR_BELOW_EXIT:FSRN,35.82000000000107,22.56608373,13.253916270001074,4,0.8286636631716903,245.6808,246.66157664916378,244.20963502625435,245.0,245.95,0.694143769206238,-0.2744763552736583,intrabar_order_unknown,0.694143769206238,-0.2744763552736583,0.694143769206238,-0.2744763552736583,True
trade-18,candidate-1987,NTPC,SELL,100,2023-12-06 10:08:00+05:30,2023-12-06 10:11:00+05:30,282.6858,283.0414,governor_exit:FSR_BELOW_EXIT:FSRN,-35.56000000000381,25.990719839999997,-61.55071984000381,3,0.870101351351359,282.6858,283.6477407453927,281.24288888191086,282.0,283.0,0.7129337262036717,-0.326631345542757,intrabar_order_unknown,0.7129337262036717,-0.326631345542757,0.7129337262036717,-0.326631345542757,True
trade-19,candidate-2103,JIOFIN,SELL,100,2023-12-06 10:21:00+05:30,2023-12-06 10:27:00+05:30,244.608,245.0725,governor_exit:FSR_BELOW_EXIT:FSRN,-46.44999999999868,22.495012724999995,-68.94501272499868,6,0.8983055891848252,244.608,245.60437682573408,243.11343476139888,244.608,244.95,0.0,-0.3432436314925511,intrabar_order_unknown,0.0,-0.3432436314925511,-0.0,-0.3432436314925511,True
trade-21,candidate-2196,POWERGRID,SELL,100,2023-12-06 10:32:00+05:30,2023-12-06 10:35:00+05:30,222.5201,223.1615,governor_exit:GOVERNOR_PATH_ERROR,-64.1399999999976,20.471052020000002,-84.6110520199976,3,0.9345802469135938,222.5201,223.54559146387277,220.98186280419088,222.5201,223.2,0.0,-0.6629991803465065,intrabar_order_unknown,0.0,-0.6629991803465065,-0.0,-0.6629991803465065,True
trade-22,candidate-2297,CIPLA,SELL,2,2023-12-06 10:44:00+05:30,2023-12-06 10:47:00+05:30,1217.2721,1221.4604,governor_exit:GOVERNOR_PATH_ERROR,-8.376600000000053,2.2401480924999997,-10.616748092500053,3,7.521882389162641,1217.2721,1225.8897933883225,1204.345559917516,1217.2721,1221.2,0.0,-0.45579481921724635,intrabar_order_unknown,0.0,-0.45579481921724635,-0.0,-0.5312210348773033,True
trade-20,candidate-2131,SUNPHARMA,SELL,62,2023-12-06 10:25:00+05:30,2023-12-06 10:52:00+05:30,1251.1409,1245.6225,governor_exit:FSR_BELOW_EXIT:FSRN,342.1408000000097,64.7332608626,277.4075391374097,27,4.761289780392737,1251.1409,1256.7175750611225,1242.7758874083163,1244.3,1253.05,1.2266986914283862,-0.3423366036348582,intrabar_order_unknown,1.2266986914283862,-0.3423366036348582,1.2266986914283862,-0.3423366036348582,True
trade-23,candidate-2316,TRENT,SELL,35,2023-12-06 10:46:00+05:30,2023-12-06 10:52:00+05:30,1917.8967,1921.9605,governor_exit:FSR_BELOW_EXIT:FSRN,-142.23299999999654,61.418223694000005,-203.65122369399654,6,8.907222638680654,1917.8967,1928.2891684885947,1902.307997267108,1917.8,1922.5,0.009304815319496026,-0.4429457741490328,intrabar_order_unknown,0.009304815319496026,-0.4429457741490328,0.009304815319496026,-0.4429457741490328,True
trade-24,candidate-2334,HINDUNILVR,SELL,32,2023-12-06 10:51:00+05:30,2023-12-06 10:54:00+05:30,2572.3876,2576.2875,governor_exit:GOVERNOR_PATH_ERROR,-124.79679999999644,66.2632381104,-191.06003811039642,3,12.532501913265524,2572.3876,2587.042125069861,2550.4058123952086,2572.3876,2575.0,0.0,-0.17826575665510597,intrabar_order_unknown,0.0,-0.17826575665510597,-0.0,-0.5160453828389786,True
trade-25,candidate-2772,TECHM,SELL,100,2023-12-06 12:02:00+05:30,2023-12-06 12:07:00+05:30,1144.0039,1144.8721,governor_exit:GOVERNOR_PATH_ERROR,-86.82000000001153,76.4967197,-163.31671970001153,5,7.290429886064813,1144.0039,1152.506477087195,1131.2500343692072,1144.0,1145.1,0.0004586844623618816,-0.12891385620610415,intrabar_order_unknown,0.0004586844623618816,-0.12891385620610415,0.0004586844623618816,-0.1524361363276507,True
trade-26,candidate-3095,JIOFIN,SELL,100,2023-12-06 13:03:00+05:30,2023-12-06 13:06:00+05:30,246.7019,246.3731,governor_exit:FSR_BELOW_EXIT:FSRN,32.88000000000011,22.660906249999996,10.219093750000113,3,1.1147594451003442,246.7019,247.90584020070835,244.89598969893743,246.0,247.0,0.5830023780143063,-0.2476036599032184,intrabar_order_unknown,0.5830023780143063,-0.2476036599032184,0.5830023780143063,-0.2476036599032184,True
trade-27,candidate-3696,HDFCLIFE,SELL,84,2023-12-07 09:50:00+05:30,2023-12-07 09:53:00+05:30,679.3619,681.2905,governor_exit:FSR_BELOW_EXIT:FSRN,-162.00239999999667,52.49821103519999,-214.50061103519667,3,2.575685573630206,679.3619,682.4350942766247,674.752108585063,679.25,681.5,0.036411625796365844,-0.6957256221198934,intrabar_order_unknown,0.036411625796365844,-0.6957256221198934,0.036411625796365844,-0.6957256221198934,True
trade-28,candidate-3733,POWERGRID,SELL,100,2023-12-07 09:58:00+05:30,2023-12-07 09:59:00+05:30,226.4641,227.266,stop,-80.18999999999892,20.838874344999997,-101.02887434499891,1,0.6518905191873615,226.4641,227.18865952483463,225.37726071274804,226.4641,226.95,0.0,-0.670614329596847,intrabar_order_unknown,0.0,-0.670614329596847,-0.0,-1.5677110866208566,True
trade-29,candidate-3745,BHARTIARTL,SELL,100,2023-12-07 10:00:00+05:30,2023-12-07 10:03:00+05:30,1002.4482,1003.3014,governor_exit:FSR_BELOW_EXIT:FSRN,-85.31999999999016,71.98104112,-157.30104111999015,3,3.5312201540548456,1002.4482,1006.2619177663793,996.7276233504311,1002.0,1003.5,0.11752311719321776,-0.2757938747519181,intrabar_order_unknown,0.11752311719321776,-0.2757938747519181,0.11752311719321776,-0.35445727314093334,True
trade-30,candidate-3750,WIPRO,SELL,100,2023-12-07 10:01:00+05:30,2023-12-07 10:04:00+05:30,199.843,199.8499,governor_exit:FSR_BELOW_EXIT:FSRN,-0.6900000000001683,18.365802504999998,-19.055802505000166,3,0.6790069612590723,199.843,200.63737841184823,198.6514323822276,199.6,200.0,0.3058995516187536,-0.19763880495534392,intrabar_order_unknown,0.3058995516187536,-0.19763880495534392,0.3058995516187536,-0.19763880495534392,True
trade-31,candidate-3972,ADANIENT,SELL,30,2023-12-07 10:23:00+05:30,2023-12-07 10:30:00+05:30,2779.0397,2784.9918,governor_exit:FSR_BELOW_EXIT:FSRN,-178.5629999999992,66.60157035249999,-245.1645703524992,7,12.073825103381116,2779.0397,2792.5655477773757,2758.750928333936,2772.7,2786.1,0.4687099917392329,-0.521985765048276,intrabar_order_unknown,0.4687099917392329,-0.521985765048276,0.4687099917392329,-0.521985765048276,True
trade-33,candidate-4020,JIOFIN,SELL,80,2023-12-07 10:29:00+05:30,2023-12-07 10:32:00+05:30,247.0768,247.1735,governor_exit:FSR_BELOW_EXIT:FSRN,-7.735999999999876,18.167674028,-25.903674027999877,3,1.3712525755494474,247.0768,248.66854075633782,244.68918886549324,247.05,247.35,0.0168369126023008,-0.17163598966238908,intrabar_order_unknown,0.0168369126023008,-0.17163598966238908,0.1738976644895513,-0.17163598966238908,True
trade-34,candidate-4050,ASIANPAINT,SELL,41,2023-12-07 10:33:00+05:30,2023-12-07 10:36:00+05:30,3264.3001,3271.3849,governor_exit:GOVERNOR_PATH_ERROR,-290.47680000000355,82.7038024575,-373.18060245750354,3,16.090162630748843,3264.3001,3283.1901011023238,3235.965098346514,3264.3001,3269.5,0.0,-0.27527261495820593,intrabar_order_unknown,0.0,-0.27527261495820593,-0.0,-0.3017416446470655,True
trade-32,candidate-4008,APOLLOHOSP,SELL,24,2023-12-07 10:28:00+05:30,2023-12-07 10:39:00+05:30,5475.3163,5480.5389,governor_exit:FSR_BELOW_EXIT:FSRN,-125.34239999997953,81.9233459056,-207.26574590557954,11,19.49438354499612,5475.3163,5498.646060974067,5440.3216585389,5471.2,5480.85,0.17643987028312347,-0.23719488622927667,intrabar_order_unknown,0.17643987028312347,-0.23719488622927667,0.17643987028312347,-0.23719488622927667,True
trade-35,candidate-4084,SUNPHARMA,SELL,34,2023-12-07 10:37:00+05:30,2023-12-07 10:41:00+05:30,1229.0537,1231.7155,governor_exit:GOVERNOR_PATH_ERROR,-90.50120000000288,38.4332845616,-128.9344845616029,4,6.437779298545799,1229.0537,1236.5515350783594,1217.8069473824607,1229.0537,1231.5,0.0,-0.32626751247979174,intrabar_order_unknown,0.0,-0.32626751247979174,-0.0,-0.32626751247979174,True
trade-37,candidate-5048,ADANIPORTS,SELL,41,2023-12-08 10:02:00+05:30,2023-12-08 10:02:00+05:30,1044.475,1048.9214,stop,-182.30240000000163,39.4157536778,-221.71815367780164,0,3.2844314329737427,1044.475,1048.3971528400712,1038.591770739893,1044.475,1044.475,0.0,0.0,intrabar_order_unknown,0.0,0.0,-0.0,-1.6636271624441743,True
trade-36,candidate-5034,APOLLOHOSP,SELL,24,2023-12-08 09:58:00+05:30,2023-12-08 10:05:00+05:30,5483.2583,5486.692,governor_exit:FSR_BELOW_EXIT:FSRN,-82.40879999999015,81.9826686484,-164.39146864839014,7,17.80758249721551,5483.2583,5503.066140363716,5453.546539454426,5478.35,5488.45,0.24779581771020318,-0.2621032835820751,intrabar_order_unknown,0.24779581771020318,-0.2621032835820751,0.24779581771020318,-0.2621032835820751,True
trade-38,candidate-5071,WIPRO,SELL,100,2023-12-08 10:11:00+05:30,2023-12-08 10:14:00+05:30,200.6938,200.9004,governor_exit:FSR_BELOW_EXIT:FSRN,-20.659999999998035,18.45067099,-39.110670989998034,3,0.7288354037267302,200.6938,201.54740947941428,199.4133857808786,200.6938,201.1,0.0,-0.4758616320412803,intrabar_order_unknown,0.0,-0.4758616320412803,-0.0,-0.4758616320412803,True
trade-39,candidate-5101,ADANIPORTS,SELL,100,2023-12-08 10:20:00+05:30,2023-12-08 10:23:00+05:30,1043.6778,1044.2719,governor_exit:FSR_BELOW_EXIT:FSRN,-59.41000000000258,73.295371465,-132.7053714650026,3,3.3467240212664087,1043.6778,1047.679414910327,1037.6753776345092,1043.2,1044.4,0.11940179420233814,-0.1804771364021924,intrabar_order_unknown,0.11940179420233814,-0.1804771364021924,0.11940179420233814,-0.33041660170442927,True
trade-40,candidate-5172,HINDUNILVR,SELL,16,2023-12-08 10:33:00+05:30,2023-12-08 10:40:00+05:30,2525.2432,2527.1129,governor_exit:GOVERNOR_PATH_ERROR,-29.915200000003097,37.1411826472,-67.0563826472031,7,12.578839854413413,2525.2432,2539.903661512112,2503.2525077318314,2524.0,2527.0,0.08479951323311141,-0.119832516769589,intrabar_order_unknown,0.08479951323311141,-0.119832516769589,0.08479951323311141,-0.119832516769589,True
trade-41,candidate-5210,SUNPHARMA,SELL,100,2023-12-08 10:40:00+05:30,2023-12-08 10:44:00+05:30,1240.4482,1241.7206,governor_exit:FSR_BELOW_EXIT:FSRN,-127.24000000000615,79.57468736,-206.81468736000613,4,7.123544099960091,1240.4482,1248.7674550789723,1227.9693173815415,1240.4,1241.9,0.005793787970485738,-0.17451081692033024,intrabar_order_unknown,0.005793787970485738,-0.17451081692033024,0.005793787970485738,-0.17451081692033024,True
trade-42,candidate-5726,TECHM,SELL,100,2023-12-08 12:11:00+05:30,2023-12-08 12:22:00+05:30,1147.3291,1148.8741,governor_exit:FSR_BELOW_EXIT:FSRN,-154.50000000000728,76.60512854,-231.10512854000729,11,5.256967305524199,1147.3291,1153.006624689966,1138.8128129650506,1145.2,1148.3,0.37500497422101253,-0.17100762269090805,intrabar_order_unknown,0.37500497422101253,-0.17100762269090805,0.37500497422101253,-0.2766874801577585,True
trade-43,candidate-5928,HINDUNILVR,SELL,53,2023-12-08 12:40:00+05:30,2023-12-08 12:46:00+05:30,2514.9524,2518.3585,governor_exit:GOVERNOR_PATH_ERROR,-180.52329999998392,82.52652828065,-263.0498282806339,6,7.164150740658198,2514.9524,2523.2622196818147,2502.4876704772782,2514.9524,2517.7,0.0,-0.3306449604451235,intrabar_order_unknown,0.0,-0.3306449604451235,-0.0,-0.3306449604451235,True
trade-44,candidate-6889,ITC,SELL,100,2023-12-11 09:46:00+05:30,2023-12-11 09:50:00+05:30,371.3771,372.3861,governor_exit:FSR_BELOW_EXIT:FSRN,-100.90000000000146,34.163306539999994,-135.06330654000146,4,1.39831271585556,371.3771,372.91359478323443,369.0723578251483,371.1,372.2,0.1803455521122199,-0.5355696673878275,intrabar_order_unknown,0.1803455521122199,-0.5355696673878275,0.1803455521122199,-0.6657360709332873,True
trade-45,candidate-6905,TECHM,SELL,100,2023-12-11 09:48:00+05:30,2023-12-11 09:51:00+05:30,1151.08,1154.577,governor_exit:FSR_BELOW_EXIT:FSRN,-349.7000000000071,76.73151665,-426.4315166500071,3,4.460709975369368,1151.08,1156.1066977225692,1143.539953416146,1151.08,1154.1,0.0,-0.6007920441367642,intrabar_order_unknown,0.0,-0.6007920441367642,-0.0,-0.6604733730245589,True
trade-46,candidate-6916,NTPC,SELL,80,2023-12-11 09:50:00+05:30,2023-12-11 09:53:00+05:30,285.9597,285.9929,governor_exit:FSR_BELOW_EXIT:FSRN,-2.656000000001768,21.024645575999998,-23.680645576001766,3,1.050276750423503,285.9597,287.1917931729339,284.11156024059915,285.7,286.25,0.2107795138427747,-0.23561529791511635,intrabar_order_unknown,0.2107795138427747,-0.23561529791511635,0.2107795138427747,-0.23561529791511635,True
trade-48,candidate-7038,TITAN,SELL,11,2023-12-11 10:09:00+05:30,2023-12-11 10:12:00+05:30,3628.3184,3632.8155,governor_exit:FSR_BELOW_EXIT:FSRN,-49.468100000000504,36.69521778505,-86.16331778505051,3,12.466822195704113,3628.3184,3642.7250209927784,3606.7084685108325,3628.3184,3635.2,0.0,-0.47766926078289407,intrabar_order_unknown,0.0,-0.47766926078289407,-0.0,-0.47766926078289407,True
trade-47,candidate-7026,TCS,SELL,31,2023-12-11 10:08:00+05:30,2023-12-11 10:14:00+05:30,3630.1205,3634.5664,governor_exit:FSR_BELOW_EXIT:FSRN,-137.82290000000512,75.90301651454999,-213.7259165145551,6,13.09432616627456,3630.1205,3645.463317768714,3607.1062733469284,3630.1205,3635.0,0.0,-0.3180315424165354,intrabar_order_unknown,0.0,-0.3180315424165354,-0.0,-0.3180315424165354,True
trade-49,candidate-7075,LT,SELL,13,2023-12-11 10:14:00+05:30,2023-12-11 10:17:00+05:30,3383.4107,3388.4934,governor_exit:FSR_BELOW_EXIT:FSRN,-66.07509999999911,40.44370975385,-106.51880975384911,3,13.638173343120751,3383.4107,3399.6220684791265,3359.09364728131,3383.4107,3388.45,0.0,-0.3108497599378122,intrabar_order_unknown,0.0,-0.3108497599378122,-0.0,-0.3108497599378122,True
trade-50,candidate-7081,CIPLA,SELL,100,2023-12-11 10:15:00+05:30,2023-12-11 10:24:00+05:30,1207.5838,1208.4039,governor_exit:FSR_BELOW_EXIT:FSRN,-82.00999999999112,78.524752565,-160.53475256499112,9,5.112380694600638,1207.5838,1213.1352155019933,1199.25667674701,1207.0,1208.8,0.10516236801055462,-0.21907925997669753,intrabar_order_unknown,0.10516236801055462,-0.21907925997669753,0.10516236801055462,-0.21907925997669753,True
trade-51,candidate-7462,BAJFINANCE,SELL,100,2023-12-11 10:47:00+05:30,2023-12-11 10:50:00+05:30,730.5711,731.3655,governor_exit:FSR_BELOW_EXIT:FSRN,-79.4399999999996,63.30795877,-142.7479587699996,3,3.271853044496487,730.5711,734.1047012880562,725.2706980679156,730.5,731.0,0.020121115599636166,-0.12137758763268314,intrabar_order_unknown,0.020121115599636166,-0.12137758763268314,0.020121115599636166,-0.12137758763268314,True
trade-52,candidate-7908,DRREDDY,SELL,100,2023-12-11 12:08:00+05:30,2023-12-11 12:13:00+05:30,1090.1505,1090.545,governor_exit:FSR_BELOW_EXIT:FSRN,-39.45000000001073,74.777161975,-114.22716197501073,5,5.888895528294687,1090.1505,1097.0534098410237,1079.796135238464,1088.5,1090.8,0.2391020653625085,-0.09409075519718262,intrabar_order_unknown,0.2391020653625085,-0.09409075519718262,0.2391020653625085,-0.10133407738325642,True
