"Trades Count","Win Rate %","Iteration"
"105","61.9","1"
"21518","41.36","2"
"706","41.93","3"
"706","41.93","4"
"105","61.9","5"
"526","39.16","6"
"40","37.5","7"
"15","33.33","8"
"20","25","9"
"105","61.9","10"
"526","39.16","11"
"40","37.5","12"
"15","33.33","13"
"20","25","14"
"21","71.43","15"
"108","46.3","16"
"8","37.5","17"
"3","33.33","18"
"4","25","19"
"144","48.61","20"
"4531","51.36","21"
"4531","51.36","22"
"4510","51.4","23"
"144","42.36","24"
"143","52.45","25"
"144","40.97","26"
"144","40.97","27"
"144","45.83","28"
"144","45.83","29"
"143","42.36","30"
"144","42.36","31"
"143","42.36","32"
"143","42.36","33"
"144","41.96","34"
"143","41.96","35"
"143","45.83","36"
"144","45.83","37"
"143","46.15","38"
"143","46.15","39"
"144","39.16","40"
"144","39.16","41"
"143","42.36","42"
"144","42.36","43"
"144","41.26","44"
"144","41.26","45"
"144","52.45","46"
"144","52.45","47"
"144","47.92","48"
"143","47.92","49"
"144","41.96","50"
"144","41.96","51"
"144","50.35","52"
"144","50.35","53"
"144","43.75","54"
"143","43.75","55"
"144","42.36","56"
"144","42.36","57"
"143","39.16","58"
"4598","39.16","59"
"143","42.36","60"
"144","42.36","61"
"143","43.75","62"
"144","43.75","63"
"144","46.53","64"
"144","46.53","65"
"144","44.44","66"
"144","44.44","67"
"143","48.61","68"
"144","48.61","69"
"144","42.36","70"
"4613","42.36","71"
"143","46.85","72"
"144","46.85","73"
"144","42.36","74"
"143","42.36","75"
"143","42.36","76"
"143","42.36","77"
"143","40.97","78"
"144","40.97","79"
"143","47.22","80"
"143","47.22","81"
"144","45.83","82"
"143","45.83","83"
"144","51.75","84"
"143","51.75","85"
"143","48.61","86"
"143","48.61","87"
"143","42.36","88"
"143","42.36","89"
"143","44.06","90"
"143","44.06","91"
"144","43.52","92"
"143","48.25","93"
"144","48.25","94"
"144","45.83","95"
"144","45.83","96"
"144","47.55","97"
"143","47.55","98"
"143","42.36","99"
"143","42.36","100"
"144","42.36","101"
"143","42.36","102"
"144","42.36","103"
"144","42.36","104"
"143","42.36","105"
"144","42.36","106"
"143","45.83","107"
"143","45.83","108"
"143","46.15","109"
"143","46.15","110"
"143","47.92","111"
"143","47.92","112"
"143","40.28","113"
"143","40.28","114"
"144","41.69","115"
"143","41.69","116"
"144","41.26","117"
"143","41.26","118"
"143","45.83","119"
"143","45.83","120"
"143","44.44","121"
"144","44.44","122"
"144","46.15","123"
"143","46.15","124"
"143","52.45","125"
"143","52.45","126"
"144","52.45","127"
"144","52.45","128"
"144","52.45","129"
"143","52.45","130"
"144","52.08","131"
"144","52.08","132"
"144","52.45","133"
"143","52.45","134"
"143","51.75","135"
"143","51.75","136"
"143","51.39","137"
"144","51.39","138"
"144","52.45","139"
"144","52.45","140"
"144","50.69","141"
"143","50.69","142"
"144","52.45","143"
"144","52.45","144"
"144","52.45","145"
"143","52.45","146"
"144","51.05","147"
"143","51.05","148"
"143","48.25","149"
"143","48.25","150"
"143","48.95","151"
"144","48.95","152"
"143","51.75","153"
"143","51.75","154"
"143","52.45","155"
"144","52.45","156"
"144","48.61","157"
"143","48.61","158"
"143","51.75","159"
"144","51.75","160"
"143","50.69","161"
"144","50.69","162"
"143","51.39","163"
"143","51.39","164"
"143","52.08","165"
"144","52.08","166"
"143","52.08","167"
"0","52.08","168"
"144","52.45","169"
"144","52.45","170"
"143","48.95","171"
"143","48.95","172"
"143","52.45","173"
"143","52.45","174"
"144","52.08","175"
"143","52.08","176"
"143","51.75","177"
"144","51.75","178"
"143","51.39","179"
"144","51.39","180"
"143","50.69","181"
"144","50.69","182"
"143","51.05","183"
"143","51.05","184"
"143","52.08","185"
"143","52.08","186"
"143","48.25","187"
"143","48.25","188"
"143","51.75","189"
"143","51.75","190"
"1","51.05","191"
"144","51.05","192"
"143","51.75","193"
"143","51.75","194"
"143","51.75","195"
"143","51.75","196"
"143","51.75","197"
"143","51.75","198"
"143","51.75","199"
"143","51.75","200"
"143","52.45","201"
"143","52.45","202"
"144","50","203"
"143","50","204"
"143","52.45","205"
"143","52.45","206"
"143","50.69","207"
"143","50.69","208"
"143","52.45","209"
"143","52.45","210"
"143","51.75","211"
"144","51.75","212"
"143","51.75","213"
"143","51.75","214"
"0","51.75","215"
"143","51.75","216"
"143","50","217"
"143","50","218"
"143","47.92","219"
"144","47.92","220"
"143","50.35","221"
"143","50.35","222"
"143","46.85","223"
"144","46.85","224"
"143","52.45","225"
"143","52.45","226"
"143","50","227"
"143","50","228"
"143","50","229"
"143","50","230"
"143","50.69","231"
"143","50.69","232"
"143","51.05","233"
"144","51.05","234"
"144","52.08","235"
"143","52.08","236"
"144","50.69","237"
"143","50.69","238"
"1","50.69","239"
"143","50.69","240"
"143","47.55","241"
"143","47.55","242"
"143","52.45","243"
"143","52.45","244"
"143","52.45","245"
"143","52.45","246"
"143","51.75","247"
"144","51.75","248"
"143","50.69","249"
"143","50.69","250"
"144","50","251"
"144","50","252"
"144","50.69","253"
"143","50.69","254"
"144","52.08","255"
"0","52.08","256"
"143","52.45","257"
"0","52.45","258"
"0","50.69","259"
"143","50.69","260"
"0","51.39","261"
"0","51.39","262"
"0","50","263"
"143","50","264"
"0","51.05","265"
"0","51.05","266"
"143","52.08","267"
"0","52.08","268"
"0","52.45","269"
"143","52.45","270"
"143","52.45","271"
"143","52.45","272"
"143","51.75","273"
"1","51.75","274"
"144","51.75","275"
"143","51.75","276"
"143","50.69","277"
"143","50.69","278"
"143","51.75","279"
"144","51.75","280"
"143","48.25","281"
"144","48.25","282"
"143","52.45","283"
"143","52.45","284"
"143","51.39","285"
"143","51.39","286"
"143","52.08","287"
"144","52.08","288"
"144","51.75","289"
"144","51.75","290"
"143","51.05","291"
"143","51.05","292"
"143","47.92","293"
"143","47.92","294"
"143","51.75","295"
"143","51.75","296"
"1","51.39","297"
"143","51.39","298"
"143","51.05","299"
"143","51.05","300"
"143","51.75","301"
"143","51.75","302"
"143","51.75","303"
"143","51.75","304"
"143","51.39","305"
"143","51.39","306"
"143","52.45","307"
"143","52.45","308"
"143","0","309"
"143","0","310"
"143","49.31","311"
"143","49.31","312"
"143","51.39","313"
"143","51.39","314"
"143","52.45","315"
"143","52.45","316"
"143","51.05","317"
"143","51.05","318"
"143","51.05","319"
"1","51.05","320"
"143","52.45","321"
"143","52.45","322"
"143","49.31","323"
"143","49.31","324"
"143","51.75","325"
"143","51.75","326"
"143","52.45","327"
"143","52.45","328"
"143","52.08","329"
"143","52.08","330"
"143","52.45","331"
"143","52.45","332"
"143","50","333"
"143","50","334"
"143","51.05","335"
"143","51.05","336"
"143","52.08","337"
"143","52.08","338"
"143","48.25","339"
"143","48.25","340"
"143","51.75","341"
"143","51.75","342"
"143","51.05","343"
"0","51.05","344"
"143","51.05","345"
"143","51.05","346"
"143","51.75","347"
"143","51.75","348"
"143","51.75","349"
"143","51.75","350"
"143","48.95","351"
"143","48.95","352"
"143","52.45","353"
"143","52.45","354"
"143","0","355"
"143","0","356"
"143","47.92","357"
"143","47.92","358"
"143","51.05","359"
"143","51.05","360"
"143","52.45","361"
"143","52.45","362"
"143","51.75","363"
"143","51.75","364"
"143","52.45","365"
"143","52.45","366"
"143","51.75","367"
"1","51.75","368"
"143","51.75","369"
"143","51.75","370"
"143","51.05","371"
"143","51.05","372"
"143","52.45","373"
"143","52.45","374"
"143","51.75","375"
"143","51.75","376"
"143","52.45","377"
"143","52.45","378"
"143","51.39","379"
"143","51.39","380"
"143","51.75","381"
"143","51.75","382"
"143","52.45","383"
"143","52.45","384"
"143","52.45","385"
"143","52.45","386"
"143","52.45","387"
"143","52.45","388"
"0","52.45","389"
"143","52.45","390"
"143","51.75","391"
"143","51.75","392"
"143","48.25","393"
"143","48.25","394"
"143","51.75","395"
"143","51.75","396"
"143","51.39","397"
"143","51.39","398"
"143","51.75","399"
"143","51.75","400"
"143","51.75","401"
"143","51.75","402"
"143","0","403"
"143","0","404"
"143","49.65","405"
"143","49.65","406"
"143","51.75","407"
"143","51.75","408"
"143","51.75","409"
"143","51.75","410"
"143","51.75","411"
"143","51.75","412"
"1","52.08","413"
"143","52.08","414"
"143","51.75","415"
"143","51.75","416"
"143","48.95","417"
"143","48.95","418"
"143","51.05","419"
"143","51.05","420"
"143","52.08","421"
"143","52.08","422"
"143","51.75","423"
"143","51.75","424"
"143","51.75","425"
"143","51.75","426"
"143","52.45","427"
"143","52.45","428"
"143","51.05","429"
"143","51.05","430"
"143","48.95","431"
"143","48.95","432"
"143","48.25","433"
"143","48.25","434"
"143","51.05","435"
"0","51.05","436"
"143","51.75","437"
"143","51.75","438"
"143","52.45","439"
"143","52.45","440"
"143","47.92","441"
"143","47.92","442"
"143","50","443"
"143","50","444"
"143","52.45","445"
"143","52.45","446"
"143","51.39","447"
"143","51.39","448"
"143","51.05","449"
"143","51.05","450"
"143","0","451"
"143","0","452"
"143","51.75","453"
"143","51.75","454"
"143","52.45","455"
"143","52.45","456"
"143","51.75","457"
"143","51.75","458"
"143","51.75","459"
"0","51.75","460"
"143","48.25","461"
"143","48.25","462"
"143","51.05","463"
"143","51.05","464"
"143","51.05","465"
"143","51.05","466"
"143","51.75","467"
"143","51.75","468"
"143","50.69","469"
"143","50.69","470"
"143","51.05","471"
"143","51.05","472"
"143","52.45","473"
"143","52.45","474"
"143","50","475"
"143","50","476"
"143","52.08","477"
"143","52.08","478"
"143","51.39","479"
"143","51.39","480"
"143","51.05","481"
"143","51.05","482"
"0","51.39","483"
"143","51.39","484"
"143","0","485"
"143","52.45","486"
"143","52.45","487"
"143","0","488"
"143","0","489"
"143","52.45","490"
"143","52.45","491"
"143","0","492"
"143","0","493"
"143","0","494"
"143","51.05","495"
"143","51.05","496"
"143","0","497"
"143","0","498"
"143","52.45","499"
"143","52.45","500"
"143","0","501"
"143","0","502"
"143","52.45","503"
"143","52.45","504"
"143","52.45","505"
"143","52.45","506"
"143","52.45","507"
"143","52.45","508"
"0","52.45","509"
"143","52.45","510"
"143","0","511"
"143","0","512"
"143","51.39","513"
"143","51.39","514"
"143","51.75","515"
"143","51.75","516"
"143","49.65","517"
"143","49.65","518"
"143","52.45","519"
"143","52.45","520"
"143","51.75","521"
"143","51.75","522"
"143","52.08","523"
"143","52.08","524"
"143","52.45","525"
"143","52.45","526"
"143","50.69","527"
"143","50.69","528"
"143","51.75","529"
"143","51.75","530"
"0","52.45","531"
"143","52.45","532"
"143","51.75","533"
"143","51.75","534"
"143","51.75","535"
"143","51.75","536"
"143","52.45","537"
"143","52.45","538"
"143","51.39","539"
"143","51.39","540"
"143","51.39","541"
"143","51.39","542"
"143","50.69","543"
"143","50.69","544"
"143","52.45","545"
"143","52.45","546"
"143","52.45","547"
"143","52.45","548"
"143","51.75","549"
"143","51.75","550"
"143","51.75","551"
"0","51.75","552"
"0","51.75","553"
"1","51.75","554"
"1","51.75","555"
"1","51.75","556"
"0","0","557"
"0","0","558"
"0","52.45","559"
"0","52.45","560"
"1","51.75","561"
"0","51.75","562"
"1","52.45","563"
"1","52.45","564"
"1","52.45","565"
"0","52.45","566"
"1","51.75","567"
"0","51.75","568"
"0","52.45","569"
"0","52.45","570"
"1","52.45","571"
"0","52.45","572"
"0","52.45","573"
"0","52.45","574"
"0","51.75","575"
"0","51.75","576"
"0","52.45","577"
"0","52.45","578"
"0","52.45","579"
"0","52.45","580"
"1","52.45","581"
"0","52.45","582"
"0","52.45","583"
"0","52.45","584"
"1","52.45","585"
"1","52.45","586"
"1","51.75","587"
"1","51.75","588"
"1","52.45","589"
"1","52.45","590"
"1","51.05","591"
"1","51.05","592"
"1","52.45","593"
"1","52.45","594"
"1","52.45","595"
"1","52.45","596"
"1","52.45","597"
"1","52.45","598"
"1","52.45","599"
"1","52.45","600"
"1","52.45","601"
"1","52.45","602"
"1","0","603"
"1","0","604"
"1","51.75","605"
"1","51.75","606"
"1","52.45","607"
"1","52.45","608"
"1","51.75","609"
"1","51.75","610"
"1","51.75","611"
"1","51.75","612"
"1","51.75","613"
"1","51.75","614"
"1","52.45","615"
"1","52.45","616"
"1","51.75","617"
"1","51.75","618"
"1","52.45","619"
"1","52.45","620"
"1","52.45","621"
"1","52.45","622"
"1","52.45","623"
"0","52.45","624"
"1","52.45","625"
"0","52.45","626"
"0","52.45","627"
"0","52.45","628"
"0","52.45","629"
"0","52.45","630"
"0","52.45","631"
"1","52.45","632"
"0","52.45","633"
"0","52.45","634"
"0","52.45","635"
"0","52.45","636"
"0","51.75","637"
"0","51.75","638"
"0","52.45","639"
"0","52.45","640"
"1","51.75","641"
"0","51.75","642"
"0","52.45","643"
"0","52.45","644"
"0","51.75","645"
"0","51.75","646"
"0","51.75","647"
"0","51.75","648"
"0","52.45","649"
"0","52.45","650"
"0","0","651"
"0","0","652"
"0","51.75","653"
"0","51.75","654"
"0","51.75","655"
"0","51.75","656"
"0","52.45","657"
"0","52.45","658"
"0","52.45","659"
"1","52.45","660"
"0","52.45","661"
"0","52.45","662"
"0","52.45","663"
"0","52.45","664"
"0","51.75","665"
"0","51.75","666"
"0","51.75","667"
"0","51.75","668"
"1","51.75","669"
"0","51.75","670"
"0","52.45","671"
"0","52.45","672"
"0","52.45","673"
"0","52.45","674"
"1","52.45","675"
"0","52.45","676"
"0","51.75","677"
"1","51.75","678"
"1","52.45","679"
"0","52.45","680"
"1","51.75","681"
"0","51.75","682"
"1","51.75","683"
"0","51.75","684"
"1","52.45","685"
"0","52.45","686"
"1","51.75","687"
"1","51.75","688"
"1","51.75","689"
"0","51.75","690"
"1","52.45","691"
"1","52.45","692"
"1","51.75","693"
"1","51.75","694"
"1","51.75","695"
"1","51.75","696"
"1","52.45","697"
"1","52.45","698"
"1","0","699"
"1","0","700"
"1","51.75","701"
"1","51.75","702"
"1","51.75","703"
"1","51.75","704"
"1","51.75","705"
"1","51.75","706"
"1","52.45","707"
"1","52.45","708"
"1","51.75","709"
"1","51.75","710"
"1","52.45","711"
"1","52.45","712"
"1","52.45","713"
"1","52.45","714"
"1","52.45","715"
"1","52.45","716"
"1","52.45","717"
"1","52.45","718"
"1","51.75","719"
"1","51.75","720"
"1","51.75","721"
"1","51.75","722"
"1","52.45","723"
"1","52.45","724"
"1","51.75","725"
"1","51.75","726"
"1","52.45","727"
"1","52.45","728"
"1","52.45","729"
"1","52.45","730"
"1","52.45","731"
"1","52.45","732"
"1","51.75","733"
"1","51.75","734"
"1","52.45","735"
"1","52.45","736"
"1","52.45","737"
"1","52.45","738"
"1","52.45","739"
"1","52.45","740"
"3","0","741"
"4","0","742"
"4","52.45","743"
"4","52.45","744"
"4","52.45","745"
"4","52.45","746"
"4","52.45","747"
"4","52.45","748"
"4","52.45","749"
"4","52.45","750"
"4","52.45","751"
"4","52.45","752"
"4","51.75","753"
"4","51.75","754"
"4","52.45","755"
"4","52.45","756"
"4","52.45","757"
"4","52.45","758"
"4","52.45","759"
"4","52.45","760"
"4","52.45","761"
"4","52.45","762"
"4","51.75","763"
"4","51.75","764"
"4","52.45","765"
"4","52.45","766"
"4","52.45","767"
"4","52.45","768"
"4","52.45","769"
"4","52.45","770"
"4","51.75","771"
"4","51.75","772"
"4","52.45","773"
"4","52.45","774"
"4","51.75","775"
"4","51.75","776"
"4","52.45","777"
"4","52.45","778"
"4","52.45","779"
"4","52.45","780"
"4","52.45","781"
"4","52.45","782"
"4","52.45","783"
"4","52.45","784"
"4","51.75","785"
"3","51.75","786"
"4","51.75","787"
"4","51.75","788"
"4","0","789"
"4","0","790"
"4","52.45","791"
"4","52.45","792"
"4","52.45","793"
"4","52.45","794"
"4","51.75","795"
"4","51.75","796"
"4","52.45","797"
"4","52.45","798"
"4","51.75","799"
"4","51.75","800"
"4","52.45","801"
"4","52.45","802"
"4","52.45","803"
"4","52.45","804"
"4","52.45","805"
"4","52.45","806"
"4","52.45","807"
"4","52.45","808"
"4","52.45","809"
"4","52.45","810"
"4","51.75","811"
"4","51.75","812"
"4","51.75","813"
"4","51.75","814"
"4","52.45","815"
"4","52.45","816"
"4","51.75","817"
"4","51.75","818"
"4","52.45","819"
"4","52.45","820"
"4","52.45","821"
"4","52.45","822"
"4","52.45","823"
"4","52.45","824"
"4","52.45","825"
"4","52.45","826"
"4","51.75","827"
"4","51.75","828"
"4","52.45","829"
"4","52.45","830"
"4","51.75","831"
"4","51.75","832"
"4","51.75","833"
"4","51.75","834"
"4","0","835"
"4","0","836"
"4","51.75","837"
"4","51.75","838"
"4","52.45","839"
"4","52.45","840"
"4","52.45","841"
"4","52.45","842"
"4","52.45","843"
"4","52.45","844"
"4","51.75","845"
"4","51.75","846"
"4","52.45","847"
"4","52.45","848"
"4","52.45","849"
"4","52.45","850"
"4","52.45","851"
"4","52.45","852"
"4","52.45","853"
"4","52.45","854"
"4","52.45","855"
"4","52.45","856"
"4","52.45","857"
"4","52.45","858"
"4","51.75","859"
"4","51.75","860"
"4","52.45","861"
"4","52.45","862"
"4","52.45","863"
"4","52.45","864"
"4","51.75","865"
"4","51.75","866"
"4","51.75","867"
"4","51.75","868"
"4","52.45","869"
"4","52.45","870"
"4","52.45","871"
"4","52.45","872"
"4","52.45","873"
"4","52.45","874"
"4","52.45","875"
"4","52.45","876"
"4","52.45","877"
"4","52.45","878"
"4","51.75","879"
"4","51.75","880"
"4","51.75","881"
"4","51.75","882"
"4","0","883"
"4","0","884"
"4","52.45","885"
"4","52.45","886"
"4","52.45","887"
"4","52.45","888"
"4","52.45","889"
"4","52.45","890"
"4","52.45","891"
"3","52.45","892"
"4","52.45","893"
"4","52.45","894"
"4","52.45","895"
"4","52.45","896"
"4","51.75","897"
"4","51.75","898"
"4","52.45","899"
"4","52.45","900"
"4","52.45","901"
"4","52.45","902"
"4","52.45","903"
"4","52.45","904"
"4","52.45","905"
"4","52.45","906"
"4","52.45","907"
"4","52.45","908"
"4","51.75","909"
"4","51.75","910"
"4","51.75","911"
"4","51.75","912"
"4","51.75","913"
"4","51.75","914"
"4","52.45","915"
"4","52.45","916"
"4","52.45","917"
"4","52.45","918"
"4","52.45","919"
"4","52.45","920"
"4","51.75","921"
"4","51.75","922"
"4","52.45","923"
"4","52.45","924"
"4","52.45","925"
"4","52.45","926"
"4","52.45","927"
"4","52.45","928"
"4","0","929"
"4","0","930"
"4","51.75","931"
"4","51.75","932"
"4","51.75","933"
"4","51.75","934"
"4","51.75","935"
"4","51.75","936"
"4","51.75","937"
"4","51.75","938"
"4","52.45","939"
"4","52.45","940"
"4","51.75","941"
"4","51.75","942"
"4","51.75","943"
"4","51.75","944"
"4","51.75","945"
"4","51.75","946"
"4","51.75","947"
"4","51.75","948"
"4","52.45","949"
"4","52.45","950"
"4","52.45","951"
"4","52.45","952"
"4","52.45","953"
"4","52.45","954"
"4","52.45","955"
"4","52.45","956"
"4","52.45","957"
"4","52.45","958"
"4","52.45","959"
"4","52.45","960"
"4","52.45","961"
"4","52.45","962"
"4","52.45","963"
"4","52.45","964"
"4","51.75","965"
"4","51.75","966"
"3","51.75","967"
"4","51.75","968"
"4","52.45","969"
"4","52.45","970"
"3","52.45","971"
"3","52.45","972"
"4","52.45","973"
"4","52.45","974"
"4","51.75","975"
"4","51.75","976"
"4","52.45","977"
"3","52.45","978"
"4","52.45","979"
"4","52.45","980"
"4","0","981"
"4","0","982"
"4","52.45","983"
"4","52.45","984"
"4","52.45","985"
"4","52.45","986"
"4","52.45","987"
"4","52.45","988"
"4","51.75","989"
"4","51.75","990"
"4","52.45","991"
"4","52.45","992"
"4","52.45","993"
"4","52.45","994"
"4","51.75","995"
"4","51.75","996"
"4","52.45","997"
"4","52.45","998"
"4","51.75","999"
"4","51.75","1000"
"4","51.75","1001"
"4","51.75","1002"
"4","52.45","1003"
"4","52.45","1004"
"4","52.45","1005"
"4","52.45","1006"
"4","52.45","1007"
"4","52.45","1008"
"4","51.75","1009"
"4","51.75","1010"
"4","52.45","1011"
"4","52.45","1012"
"4","52.45","1013"
"4","52.45","1014"
"4","52.45","1015"
"4","52.45","1016"
"4","52.45","1017"
"4","52.45","1018"
"4","52.45","1019"
"4","52.45","1020"
"4","51.75","1021"
"4","51.75","1022"
"4","52.45","1023"
"4","52.45","1024"
"4","0","1025"
"4","0","1026"
"4","51.75","1027"
"4","51.75","1028"
