trade_id,symbol,side,quantity,entry_timestamp,exit_timestamp,exit_reason,bars_held,entry_price,exit_price,initial_risk_per_share,gross_r_fill,gross_r_frictionless,gross_pnl_fill_inr,gross_pnl_frictionless_inr,brokerage_inr,stt_inr,turnover_charge_inr,slippage_inr,fees_inr,total_friction_inr,total_friction_bps,fees_bps,slippage_bps,net_pnl_inr,engine_net_pnl_inr,engine_costs_inr,fee_reconciliation_error_inr,net_r,exit_class,exit_kind,bars_to_event,forward_bars_available
trade-1,TITAN,SELL,5,2024-02-13 09:33:00+05:30,2024-02-13 09:36:00+05:30,governor_exit:FSR_BELOW_EXIT:FSRN,3,3559.3133,3569.784,32.016509930938355,-0.3270406431739834,-0.21570599329644569,-52.35350000000153,-34.53076538269288,10.69364595,4.449141625,1.22976928425,17.822734617308654,16.37255685925,34.19529147655865,19.214544264231332,9.199840238424642,10.014704025806694,-68.72605685925153,-68.72605685925153,16.37255685925,0.0,-0.42931635588949574,NOISE_CHURN,CONVICTION_FSRN,,15
trade-2,TITAN,BUY,25,2024-02-13 12:50:00+05:30,2024-02-13 12:56:00+05:30,governor_exit:FSR_BELOW_EXIT:FSRN,6,3596.8264,3592.4529,20.38499924165626,-0.21454501656603212,-0.03820753366148021,-109.33749999999236,-19.471513617870755,40.0,22.452830625000004,6.2007533962500005,89.8659863821216,68.65358402125,158.5195704033716,17.628826390216844,7.634906596687568,9.993919793529274,-177.99108402124236,-177.99108402124236,68.65358402125,0.0,-0.34925894656404366,NOISE_CHURN,CONVICTION_FSRN,,15
trade-3,TITAN,BUY,26,2024-02-14 10:30:00+05:30,2024-02-14 10:38:00+05:30,governor_exit:FSR_BELOW_EXIT:FSRN,8,3542.3688,3542.8277,17.213511499291144,0.026659290291729726,0.2324626936542974,11.93139999999039,104.03898050973551,40.0,23.02838005,6.3554212605,92.10758050974512,69.3838013105,161.49138182024512,17.53404951253622,7.5333989580970195,10.000650554439199,-57.452401310509615,-57.4524013105096,69.38380131049999,1.4210854715202004e-14,-0.12837053862036835,NOISE_CHURN,CONVICTION_FSRN,,15
trade-4,TITAN,BUY,23,2024-02-14 12:39:00+05:30,2024-02-14 12:49:00+05:30,governor_exit:GOVERNOR_PATH_ERROR,10,3544.5557,3541.0786,20.760597794066598,-0.16748554326281603,0.0031654756323062096,-79.97330000000147,1.5114948278722409,40.0,20.361201949999998,5.62245081705,81.48479482787371,65.98365276705,147.4684475949237,18.08878792499128,8.093692724683686,9.995095200307594,-145.95695276705146,-145.95695276705146,65.98365276704999,1.4210854715202004e-14,-0.305673012457587,NOISE_CHURN,GOVERNOR_GOVERNOR_PATH_ERROR,,15
trade-5,TITAN,BUY,21,2024-02-15 11:43:00+05:30,2024-02-15 11:46:00+05:30,governor_exit:GOVERNOR_PATH_ERROR,3,3588.3463,3580.7087,19.231811530858067,-0.3971336755118072,-0.21074840020999114,-160.38960000000043,-85.11454377863636,40.0,18.798720675000002,5.1939803475,75.27505622136407,63.9927010225,139.26775724386408,18.481488155124627,8.492133207048342,9.989354948076283,-224.38230102250043,-224.38230102250043,63.99270102250001,-7.105427357601002e-15,-0.5555832044276069,NOISE_CHURN,GOVERNOR_GOVERNOR_PATH_ERROR,,15
trade-6,TITAN,BUY,19,2024-02-15 14:49:00+05:30,2024-02-15 14:55:00+05:30,governor_exit:FSR_BELOW_EXIT:FSRN,6,3608.5427,3607.1955,17.499242747405788,-0.0769861884566334,0.12918671383665428,-25.596800000002986,42.95272363817793,40.0,17.134178625,4.7299163901,68.54952363818091,61.8640950151,130.4136186532809,19.021181780562422,9.023046895897163,9.998134884665259,-87.46089501510298,-87.46089501510298,61.8640950151,0.0,-0.2630516684201838,NOISE_CHURN,CONVICTION_FSRN,,15
trade-7,TITAN,BUY,18,2024-02-16 11:05:00+05:30,2024-02-16 11:15:00+05:30,governor_exit:FSR_BELOW_EXIT:FSRN,10,3671.1372,3669.2145,17.288240834642693,-0.11121432298347635,0.10107889539387663,-34.60860000000139,31.45457316364191,39.63789918,16.51146525,4.5583584057,66.0631731636433,60.7077228357,126.7708959993433,19.184321292920004,9.186938773767432,9.997382519152573,-95.31632283570138,-95.31632283570138,60.7077228357,0.0,-0.30629786565901457,NOISE_CHURN,CONVICTION_FSRN,,15
trade-8,TITAN,SELL,17,2024-02-16 12:39:00+05:30,2024-02-16 12:43:00+05:30,governor_exit:GOVERNOR_PATH_ERROR,4,3658.1467,3664.3313,26.028837325788118,-0.23760569565943088,-0.09694484618183191,-105.13820000000078,-42.89714772428772,37.344637799999994,15.547123475,4.2946333469999995,62.24105227571306,57.186394621999995,119.42744689771305,19.20410664547595,9.195655182445254,10.008451463030699,-162.32459462200077,-162.32459462200077,57.186394621999995,0.0,-0.3668433378904653,NOISE_CHURN,GOVERNOR_GOVERNOR_PATH_ERROR,,15
trade-9,TITAN,BUY,15,2024-02-19 10:26:00+05:30,2024-02-19 10:29:00+05:30,governor_exit:FSR_BELOW_EXIT:FSRN,3,3679.8431,3675.5113,15.807042026362524,-0.27404241684025893,-0.04138174381011599,-64.97699999999895,-9.81184445296006,33.0990948,13.783167375000001,3.806395902,55.16515554703889,50.68865807700001,105.8538136240389,19.177233149612437,9.183119442782765,9.994113706829674,-115.66565807699897,-115.66565807699895,50.688658077,7.105427357601002e-15,-0.487823329560311,NOISE_CHURN,CONVICTION_FSRN,,15
trade-10,TITAN,BUY,15,2024-02-19 11:16:00+05:30,2024-02-19 11:26:00+05:30,governor_exit:FSR_BELOW_EXIT:FSRN,10,3687.1464,3685.5063,23.767995234332375,-0.0690045577605546,0.08609168932350292,-24.601500000001124,30.69340292334961,33.17693715,13.820648625,3.81534777225,55.29490292335073,50.81293354725,106.10783647060073,19.185177362924115,9.187400053195608,9.997777309728507,-75.41443354725112,-75.41443354725112,50.81293354725,0.0,-0.21152936348151777,NOISE_CHURN,CONVICTION_FSRN,,15
