trade_id,symbol,side,quantity,entry_timestamp,exit_timestamp,exit_reason,bars_held,entry_price,exit_price,initial_risk_per_share,gross_r_fill,gross_r_frictionless,gross_pnl_fill_inr,gross_pnl_frictionless_inr,brokerage_inr,stt_inr,turnover_charge_inr,slippage_inr,fees_inr,total_friction_inr,total_friction_bps,fees_bps,slippage_bps,net_pnl_inr,engine_net_pnl_inr,engine_costs_inr,fee_reconciliation_error_inr,net_r
null-1,TITAN,BUY,62,2024-02-15 12:36:00+05:30,2024-02-15 13:31:00+05:30,stop,55,3581.6899,3575.3085,2.8029433332771987,-2.2766782061693096,-0.9999850754913348,-395.646799999985,-173.77989304495824,40.0,55.41728175,15.3088195776,221.86690695502674,110.7261013276,332.5930082826267,14.977297055775837,4.986207376921661,9.991089678854177,-506.37290132758494,-506.37290132758494,110.72610132759999,1.4210854715202004e-14,-2.91383160093113
null-2,TITAN,SELL,53,2024-02-13 12:26:00+05:30,2024-02-13 12:27:00+05:30,target,1,3593.2025,3591.8788,3.277521595347025,0.4038722435510797,1.499987638842652,70.1560999999956,260.5608195902005,40.0,47.609933125,13.137921157049998,190.40471959020488,100.74785428205,291.1525738722549,15.288436401907617,5.290274931574482,9.998161470333134,-30.59175428205441,-30.59175428205438,100.74785428204999,1.4210854715202004e-14,-0.17610956760791205
null-3,TITAN,SELL,21,2024-02-19 09:36:00+05:30,2024-02-19 09:55:00+05:30,target,19,3673.2125,3664.8299,8.03437956642847,1.043341297320141,1.50000682856253,176.03459999999814,253.08410847102527,40.0,19.284365625000003,5.3164117188,77.04950847102712,64.6007773438,141.65028581482713,18.363358246951293,8.374760492516849,9.988597754434444,111.43382265619815,111.43382265619813,64.6007773438,0.0,0.6604582797669408
null-4,TITAN,SELL,56,2024-02-16 13:54:00+05:30,2024-02-16 14:04:00+05:30,target,10,3654.8217,3653.8833,3.0617965595415626,0.306486724950957,1.5000192073101284,52.55040000000008,257.19420429855114,40.0,51.1675038,14.120418059999999,204.64380429855106,105.28792186,309.93172615855104,15.142996195885905,5.14427683787068,9.998719358015228,-52.7375218599999,-52.737521859999916,105.28792186,0.0,-0.30757806518886344
null-5,TITAN,BUY,41,2024-02-16 10:30:00+05:30,2024-02-16 10:36:00+05:30,stop,6,3664.8315,3656.9172,4.253382957100257,-1.860707131199746,-1.000010287401058,-324.4862999999964,-174.39049524762018,40.0,37.4834013,10.356613536149998,150.0958047523762,87.84001483614999,237.93581958852621,15.835141869116995,5.845942402120154,9.989199466996839,-412.32631483614637,-412.32631483614637,87.84001483615,-1.4210854715202004e-14,-2.364409574138994
null-6,TITAN,SELL,43,2024-02-15 12:06:00+05:30,2024-02-15 12:24:00+05:30,stop,18,3578.3599,3585.9917,4.049596111552091,-1.884583002791127,-1.0000071861127684,-328.1674000000048,-174.13388413347585,40.0,38.467368925,10.6283155986,154.03351586652897,89.0956845236,243.12920039012897,15.801002718964158,5.790341724261818,10.01066099470234,-417.2630845236048,-417.2630845236048,89.0956845236,0.0,-2.3962371545295826
null-7,TITAN,BUY,94,2024-02-15 13:35:00+05:30,2024-02-15 13:39:00+05:30,target,4,3581.3898,3580.5902,1.8542351905211945,-0.43122900702530265,1.5000204448530845,-75.16239999998379,261.45072536269754,40.0,84.1438697,23.226301139999997,336.61312536268133,147.37017084,483.98329620268134,14.376425794928243,4.3775401797749485,9.998885615153295,-222.5325708399838,-222.53257083998378,147.37017084,0.0,-1.2767354362571544
null-8,TITAN,SELL,66,2024-02-13 11:52:00+05:30,2024-02-13 12:00:00+05:30,stop,8,3597.1006,3603.3148,2.614037098409881,-2.37724246674999,-0.9999831123621857,-410.13719999999284,-172.52353493087656,40.0,59.352159900000004,16.3953458658,237.61366506911628,115.7475057658,353.36117083491627,14.884090630832976,4.875454657455523,10.008635973377451,-525.8847057657929,-525.8847057657929,115.7475057658,0.0,-3.0481396351288983
null-9,TITAN,SELL,26,2024-02-15 10:00:00+05:30,2024-02-15 10:14:00+05:30,stop,14,3575.8112,3585.8961,6.504051324308875,-1.5505566449495172,-0.9999994851982434,-262.2073999999957,-169.10524737630755,40.0,23.2427728,6.424051448099999,93.10215262368816,69.6668242481,162.76897687178814,17.50748267777545,7.4933856695553125,10.014097008220139,-331.8742242480957,-331.8742242480957,69.6668242481,0.0,-1.9625295994520346
null-10,TITAN,SELL,55,2024-02-16 12:48:00+05:30,2024-02-16 12:54:00+05:30,stop,6,3658.17,3665.0014,3.1698533289600164,-2.155115486760176,-0.9999879374525429,-375.7270000000017,-174.3398300849592,40.0,50.2998375,13.8957177315,201.38716991504248,104.19555523150001,305.5827251465425,15.188057274864082,5.178722258869127,10.009335015994955,-479.9225552315017,-479.9225552315017,104.19555523150001,0.0,-2.7527660541428234
null-11,TITAN,SELL,39,2024-02-14 10:45:00+05:30,2024-02-14 10:47:00+05:30,stop,2,3528.3349,3536.2313,4.364098901728994,-1.8093998733327614,-1.0000043741677307,-307.9596000000033,-170.20060165015374,40.0,34.401265275,9.5053738221,137.75899834984958,83.9066390971,221.66563744694957,16.108828823226297,6.09764193455963,10.01118688866667,-391.8662390971033,-391.8662390971033,83.9066390971,0.0,-2.302388765882527
null-12,TITAN,SELL,45,2024-02-15 13:56:00+05:30,2024-02-15 13:57:00+05:30,stop,1,3592.6028,3600.0587,3.8595889681246263,-1.931786017002414,-0.9999951411323074,-335.5154999999968,-173.6806596701617,40.0,40.416781500000006,11.16660697875,161.8348403298351,91.58338847875001,253.4182288085851,15.675309822021891,5.664935769239196,10.010374052782694,-427.0988884787468,-427.0988884787468,91.58338847875001,0.0,-2.459092532656537
null-13,TITAN,BUY,14,2024-02-13 09:36:00+05:30,2024-02-13 10:05:00+05:30,target,29,3569.784,3583.8061,11.732566315400163,1.1951434684493774,1.5000042596498462,196.30939999999555,246.38459229614364,30.045078419999996,12.54332135,3.4551840182999998,50.075192296148074,46.0435837883,96.11877608444807,19.232611449810022,9.212959141085285,10.019652308724735,150.26581621169555,150.26581621169555,46.0435837883,0.0,0.914827353028569
null-14,TITAN,SELL,52,2024-02-19 12:46:00+05:30,2024-02-19 12:52:00+05:30,stop,6,3699.1495,3706.1563,3.304188184025861,-2.120581398442914,-0.9999878160726553,-364.3536000000058,-171.81569215392886,40.0,48.0889435,13.285118605200001,192.53790784607696,101.3740621052,293.91196995127694,15.27960215799277,5.2701335653797425,10.009468592613027,-465.7276621052058,-465.7276621052058,101.3740621052,0.0,-2.7105905279942077
null-15,TITAN,SELL,98,2024-02-14 13:35:00+05:30,2024-02-14 13:39:00+05:30,target,4,3536.3809,3537.2748,1.7619868825399863,-0.5073250027329557,1.499970593948005,-87.602200000003,259.0069940517455,40.0,86.64133205,23.916029921699998,346.6091940517485,150.5573619717,497.1665560234485,14.345536485304088,4.344270754194274,10.001265731109813,-238.159561971703,-238.159561971703,150.5573619717,0.0,-1.3792381975357881
null-16,TITAN,SELL,95,2024-02-14 13:10:00+05:30,2024-02-14 13:13:00+05:30,target,3,3544.4769,3545.2866,1.823434740475932,-0.4440520858939294,1.5000166296502113,-76.92149999998037,259.8423312106024,40.0,84.18132637500001,23.23669987125,336.7638312105828,147.41802624625,484.1818574568328,14.379134848147988,4.377990719389221,10.001144128758767,-224.33952624623038,-224.33952624623038,147.41802624625,0.0,-1.295066198372626
null-17,TITAN,SELL,19,2024-02-19 09:31:00+05:30,2024-02-19 09:35:00+05:30,stop,4,3669.5143,3682.1618,8.971605658772205,-1.409725358095029,-1.0000065243776985,-240.3025000000007,-170.4616196654056,40.0,17.430192925,4.81902368355,69.84088033459508,62.24921660855,132.09009694314508,18.945587336800102,8.928360241966455,10.017227094833647,-302.5517166085507,-302.5517166085507,62.24921660855,0.0,-1.774907989048194
null-18,TITAN,BUY,73,2024-02-13 13:26:00+05:30,2024-02-13 13:39:00+05:30,target,13,3597.1977,3597.1777,2.3848119664080514,-0.00838640541967145,1.4999876907213971,-1.4599999999986721,261.1347673836932,40.0,65.64849302500001,18.119034444900002,262.5947673836919,123.76752746990002,386.3622948535919,14.71321461168676,4.713239925010105,9.999974686676655,-125.22752746989869,-125.22752746989869,123.76752746990002,0.0,-0.7193211062099787
null-19,TITAN,BUY,49,2024-02-19 11:32:00+05:30,2024-02-19 11:33:00+05:30,stop,1,3689.2937,3682.0486,3.5594644069865353,-2.0354466772527275,-0.9999902605771421,-355.00990000000456,-174.41205725301887,40.0,45.105095350000006,12.46125415815,180.5978427469857,97.56634950815001,278.16419225513573,15.387281988703718,5.397103488839192,9.990178499864525,-452.5762495081546,-452.57624950815455,97.56634950815001,0.0,-2.594842631895231
null-20,TITAN,SELL,46,2024-02-19 11:46:00+05:30,2024-02-19 11:57:00+05:30,stop,11,3688.6048,3696.0861,3.78901279963884,-1.9744720843152126,-0.9999848766939896,-344.1397999999963,-174.29195287298452,40.0,42.418955200000006,11.7195044583,169.84784712701176,94.13845965830001,263.98630678531174,15.558274923359718,5.548136394121984,10.010138529237736,-438.2782596582963,-438.2782596582963,94.13845965830001,0.0,-2.514583285215978
null-21,TITAN,BUY,80,2024-02-19 13:49:00+05:30,2024-02-19 13:51:00+05:30,stop,2,3706.8525,3700.9895,2.1590508729782414,-2.7155450913077748,-1.0000132774969923,-469.0399999999863,-172.72636318157709,40.0,74.01979000000001,20.445643920000002,296.31363681840924,134.46543392,430.77907073840925,14.526443618218194,4.534353400897392,9.9920902173208,-603.5054339199863,-603.5054339199863,134.46543392,0.0,-3.494043618154177
null-22,TITAN,SELL,58,2024-02-16 13:50:00+05:30,2024-02-16 13:51:00+05:30,stop,1,3649.1745,3655.7862,2.9591958738633366,-2.2342894089562635,-1.0000082846633793,-383.4785999999958,-171.63478260869147,40.0,52.913030250000006,14.617226360699998,211.84381739130436,107.53025661070001,319.37407400200436,15.089575880130413,5.080518735302445,10.009057144827969,-491.00885661069583,-491.00885661069583,107.53025661070001,0.0,-2.860800806170186
null-23,TITAN,SELL,22,2024-02-14 09:43:00+05:30,2024-02-14 09:47:00+05:30,target,4,3539.3294,3531.2503,7.7429931732681325,1.0434078681474455,1.4999874717306456,177.74019999999837,255.51664057915852,40.0,19.466311700000002,5.3665699923000005,77.77644057916015,64.8328816923,142.60932227146014,18.31488733834722,8.326292454813101,9.98859488353412,112.90731830769838,112.90731830769838,64.83288169229999,1.4210854715202004e-14,0.6628122635941767
null-24,TITAN,BUY,62,2024-02-15 11:38:00+05:30,2024-02-15 11:40:00+05:30,target,2,3585.792,3586.3972,2.7941767891320524,0.21659331018491484,1.5000109027195128,37.522399999998015,259.86033016508054,40.0,55.589156599999995,15.3413126988,222.33793016508255,110.93046929879999,333.26839946388253,14.990542579007629,4.989695770760213,10.000846808247417,-73.40806929880199,-73.40806929880198,110.93046929879999,0.0,-0.4237387993228574
null-25,TITAN,SELL,63,2024-02-14 12:00:00+05:30,2024-02-14 12:13:00+05:30,stop,13,3527.8352,3534.1335,2.767335197581815,-2.275944022069889,-0.9999931863141049,-396.79289999999537,-174.3409295352278,40.0,55.5634044,15.34918896945,222.45197046476758,110.91259336945001,333.3645638342176,14.999286285372825,4.990361667321181,10.008924618051642,-507.70549336944543,-507.7054933694454,110.91259336945001,0.0,-2.912121871652054
null-26,TITAN,BUY,45,2024-02-13 12:36:00+05:30,2024-02-13 12:38:00+05:30,target,2,3588.4933,3590.7119,3.8720819901950563,0.5729734043901107,1.5000209362194112,99.83699999998635,261.36918234228193,40.0,40.395508875,11.145716073,161.53218234229558,91.54122494799999,253.07340729029556,15.671907469744758,5.6688121538053,10.00309531593946,8.295775051986368,8.29577505198634,91.541224948,-1.4210854715202004e-14,0.047610189344549886
null-27,TITAN,SELL,90,2024-02-14 12:30:00+05:30,2024-02-14 12:31:00+05:30,stop,1,3534.6318,3540.1011,1.931981017565704,-2.830928435772659,-0.9999756806190019,-492.23699999997734,-173.8740629684931,40.0,79.5292155,21.967045654499998,318.36293703148425,141.49626115450002,459.85919818598427,14.455668753138406,4.447933387275146,10.007735365863262,-633.7332611544773,-633.7332611544773,141.49626115450002,0.0,-3.644694546930103
null-28,TITAN,SELL,44,2024-02-13 12:40:00+05:30,2024-02-13 12:51:00+05:30,stop,11,3593.2025,3600.7599,3.9604666914110567,-1.9082094583422824,-0.9999881576315066,-332.5256000000063,-174.258470764624,40.0,39.5252275,10.9204349232,158.2671292353823,90.4456624232,248.71279165858232,15.731268824359221,5.720755334248234,10.010513490110986,-422.9712624232063,-422.9712624232063,90.4456624232,0.0,-2.4272349664594923
null-29,TITAN,SELL,51,2024-02-13 13:00:00+05:30,2024-02-13 13:01:00+05:30,stop,1,3594.7517,3601.7672,3.4172450487440074,-2.0529695412327804,-0.9999989335170204,-357.7904999999987,-174.27931161982661,40.0,45.833084174999996,12.662275004549999,183.5111883801721,98.49535917955,282.0065475597221,15.38225894219577,5.372503342971355,10.009755599224416,-456.2858591795487,-456.2858591795487,98.49535917955,0.0,-2.618127007259406
null-30,TITAN,BUY,41,2024-02-14 14:15:00+05:30,2024-02-14 14:22:00+05:30,target,7,3555.827,3558.5683,4.198989003843963,0.6528476253427101,1.5000037434864755,112.393299999987,258.2384682096041,40.0,36.475325075,10.063312151849999,145.84516820961707,86.53863722685,232.38380543646707,15.939745363237208,5.935886276097124,10.003859087140084,25.854662773137022,25.854662773136994,86.53863722685,0.0,0.15017937186185498
null-31,TITAN,SELL,89,2024-02-14 12:41:00+05:30,2024-02-14 13:00:00+05:30,stop,19,3541.7283,3547.2245,1.9518030552085293,-2.815960342583017,-0.9999595413698595,-489.1617999999635,-173.70344382582442,40.0,78.803454675,21.7666295724,315.45835617413906,140.5700842474,456.028440421539,14.467273113288133,4.459515284803724,10.00775782848441,-629.7318842473635,-629.7318842473635,140.5700842474,0.0,-3.6251808961795198
null-32,TITAN,SELL,62,2024-02-16 14:08:00+05:30,2024-02-16 14:13:00+05:30,target,5,3648.8247,3648.2575,2.810451827495399,0.2018180829327471,1.5000229189811287,35.16639999999734,261.3760135440007,40.0,56.556782850000005,15.6084588258,226.2096135440034,112.1652416758,338.3748552198034,14.957306540810578,4.958080888957424,9.999225651853154,-76.99884167580268,-76.99884167580265,112.16524167579999,1.4210854715202004e-14,-0.44189222141173917
null-33,TITAN,BUY,87,2024-02-14 13:19:00+05:30,2024-02-14 13:23:00+05:30,stop,4,3545.6219,3540.0799,1.9992003491329342,-2.772108359426566,-0.9999746151776934,-482.1539999999927,-173.9260151814965,40.0,76.99673782500001,21.2677339527,308.2279848184962,138.2644717777,446.49245659619623,14.47446272332402,4.482279405039011,9.99218331828501,-620.4184717776927,-620.4184717776927,138.2644717777,0.0,-3.5670495981732455
null-34,TITAN,BUY,57,2024-02-19 10:29:00+05:30,2024-02-19 10:41:00+05:30,stop,12,3679.1887,3672.4695,3.0433559512084685,-2.207825869771136,-1.0000051619444783,-382.99440000000004,-173.47218466804622,40.0,52.332690375000006,14.457035850300002,209.52221533195382,106.7897262253,316.3119415572538,15.083032593631298,5.0921660225389145,9.990866571092383,-489.78412622530004,-489.78412622530004,106.7897262253,0.0,-2.8234304848412117
null-35,TITAN,BUY,55,2024-02-13 12:16:00+05:30,2024-02-13 12:19:00+05:30,target,3,3592.8955,3594.0096,3.1383321783710016,0.3549974753080697,1.500017671593878,61.275499999987915,258.9154549788517,40.0,49.417632,13.63715242725,197.63995497886376,103.05478442725,300.69473940611374,15.216632602064712,5.2150789056423354,10.001553696422375,-41.77928442726204,-41.779284427262084,103.05478442725,0.0,-0.24204682935037172
null-36,TITAN,BUY,42,2024-02-14 10:37:00+05:30,2024-02-14 10:41:00+05:30,stop,4,3545.6719,3538.062,4.068056836688356,-1.8706474136174662,-0.999994402811753,-319.61579999999685,-170.85743081435456,40.0,37.149651,10.264330421099999,148.7583691856423,87.4139814211,236.1723506067423,15.859197815010564,5.86993193569589,9.989265879314674,-407.02978142109686,-407.02978142109686,87.4139814211,0.0,-2.3822639803184478
null-37,TITAN,BUY,44,2024-02-19 11:19:00+05:30,2024-02-19 11:26:00+05:30,stop,7,3691.845,3684.2267,3.9302206198176464,-1.9383899116465142,-1.000011325763253,-335.20519999998396,-172.93166583290042,40.0,40.5264937,11.1968768406,162.27353416708354,91.7233705406,253.99690470768354,15.636238588496068,5.646558990805165,9.989679597690904,-426.92857054058396,-426.92857054058396,91.7233705406,0.0,-2.4687983185510687
null-38,TITAN,BUY,29,2024-02-16 09:46:00+05:30,2024-02-16 10:18:00+05:30,target,32,3645.5719,3650.6672,5.828957252883356,0.8741357637302122,1.4999975735849425,147.7636999999986,253.5592303398062,40.0,26.4673372,7.2998872195499995,105.79553033980758,73.76722441955,179.56275475935757,16.98449324132935,6.9774989042942375,10.006994337035113,73.99647558044862,73.9964755804486,73.76722441955,0.0,0.4377459802025806
null-39,TITAN,BUY,45,2024-02-13 11:12:00+05:30,2024-02-13 11:14:00+05:30,target,2,3590.2442,3592.3481,3.7968097559769376,0.5541231020827704,1.499995506710359,94.67550000000301,256.2838908209757,40.0,40.41391612500001,11.15097454575,161.60839082097272,91.56489067075,253.17328149172272,15.670446378099525,5.667512388819928,10.002933989279596,3.110609329253009,3.110609329252995,91.56489067075002,-1.4210854715202004e-14,0.018205982444172233
null-40,TITAN,SELL,79,2024-02-13 13:56:00+05:30,2024-02-13 14:01:00+05:30,stop,5,3586.5558,3592.3486,2.203341007756535,-2.6290982556068365,-1.0000033327025832,-457.6311999999775,-174.06451971610744,40.0,70.83447705,19.5661039422,283.5666802838701,130.4005809922,413.9672612760701,14.610373313826493,4.602299135354454,10.00807417847204,-588.0317809921776,-588.0317809921776,130.4005809922,0.0,-3.3782515913425293
null-41,TITAN,SELL,38,2024-02-14 10:25:00+05:30,2024-02-14 10:30:00+05:30,stop,5,3538.7297,3546.8038,4.5312984473121105,-1.7818512935932724,-1.0000079305131133,-306.8158000000103,-172.19070654768694,40.0,33.61793215,9.2891344185,134.62509345232337,82.9070665685,217.53216002082337,16.176795099280323,6.165390110743322,10.011404988537,-389.7228665685103,-389.7228665685103,82.9070665685,0.0,-2.2633390912005025
null-42,TITAN,SELL,60,2024-02-14 11:33:00+05:30,2024-02-14 11:38:00+05:30,stop,5,3522.0881,3528.4949,2.8815373413440284,-2.2233964863394395,-0.9999902409848669,-384.4080000000122,-172.89055322265045,40.0,52.8313215,14.594706809999998,211.51744677736173,107.42602830999999,318.9434750873617,15.092537250244712,5.083444122725569,10.009093127519144,-491.8340283100122,-491.8340283100122,107.42602831,-1.4210854715202004e-14,-2.8447432165995994
null-43,TITAN,SELL,58,2024-02-16 13:06:00+05:30,2024-02-16 13:11:00+05:30,target,5,3648.4249,3647.6163,2.971080165228159,0.27215691096566125,1.500000493528599,46.89879999999084,258.48405942100567,40.0,52.902161050000004,14.599378441199999,211.58525942101485,107.5015394912,319.0867989122149,15.07910038923707,5.080205484875934,9.998894904361135,-60.602739491209206,-60.60273949120915,107.50153949119999,1.4210854715202004e-14,-0.3516817994487579
null-44,TITAN,BUY,90,2024-02-14 12:23:00+05:30,2024-02-14 12:29:00+05:30,target,6,3534.0161,3533.3586,1.917440230424745,-0.3429050822899197,1.5000144585524284,-59.17499999998199,258.8569262142496,40.0,79.5005685,21.9441984435,318.0319262142316,141.44476694349999,459.4766931577316,14.446161098817468,4.447089308943568,9.9990717898739,-200.61976694348198,-200.619766943482,141.4447669435,-2.842170943040401e-14,-1.1625439407310545
null-45,TITAN,SELL,38,2024-02-14 10:21:00+05:30,2024-02-14 10:22:00+05:30,stop,1,3536.4309,3544.532,4.5606057260374655,-1.7763210605445274,-1.0000030618998026,-307.841800000012,-173.30354822589902,40.0,33.59609355,9.283142361900001,134.53825177411295,82.8792359119,217.41748768601295,16.178777404762656,6.1673268492178615,10.011450555544796,-390.72103591191194,-390.72103591191194,82.8792359119,0.0,-2.2545541407569627
null-46,TITAN,SELL,85,2024-02-14 13:51:00+05:30,2024-02-14 14:00:00+05:30,stop,9,3529.1845,3534.7463,2.029800026976318,-2.740072877171579,-1.0000172827283185,-472.7529999999956,-172.53598413399163,40.0,74.995170625,20.714977071,300.217015866004,135.710147696,435.927163562004,14.531841181540214,4.523962895377439,10.007878286162775,-608.4631476959956,-608.4631476959956,135.710147696,0.0,-3.526647885386783
null-47,TITAN,BUY,58,2024-02-19 12:09:00+05:30,2024-02-19 12:11:00+05:30,target,2,3695.1467,3695.9519,3.000532537354502,0.2683523641140604,1.4999838759142576,46.70160000001397,261.0435246608952,40.0,53.59130255,14.789588298599998,214.3419246608812,108.3808908486,322.7228155094812,15.058093564462272,5.057000982163423,10.001092582298849,-61.67929084858605,-61.679290848586035,108.3808908486,0.0,-0.3544157698256986
null-48,TITAN,BUY,36,2024-02-16 11:46:00+05:30,2024-02-16 12:25:00+05:30,stop,39,3675.837,3667.4403,4.725053942216164,-1.777059077565055,-1.000001817767449,-302.28119999999217,-170.10225112555494,40.0,33.0069627,9.1203504066,132.17894887443722,82.1273131066,214.3062619810372,16.19481963344805,6.206244327376624,9.988575306071425,-384.4085131065922,-384.4085131065922,82.12731310660001,-1.4210854715202004e-14,-2.2598713969289945
null-49,TITAN,SELL,53,2024-02-15 11:45:00+05:30,2024-02-15 11:49:00+05:30,target,4,3583.2075,3581.9026,3.25827316751338,0.40048821351463015,1.5000142776838206,69.1597000000047,259.0351824088003,40.0,47.477499375,13.101403817849999,189.8754824087956,100.57890319284999,290.4543856016456,15.294317804498187,5.296135249164541,9.998182555333644,-31.41920319284526,-31.419203192845288,100.57890319284999,0.0,-0.1819415144477912
null-50,TITAN,SELL,18,2024-02-14 09:34:00+05:30,2024-02-14 09:35:00+05:30,target,1,3551.6733,3540.7966,9.61527220622338,1.1311900242366486,1.500003145662309,195.7805999999964,259.61289400321994,38.29933746,15.982529849999999,4.4044238079,63.8322940032235,58.6862911179,122.5185851211235,19.164454293373886,9.179756219554315,9.984698073819569,137.09430888209644,137.0943088820964,58.6862911179,0.0,0.7921097115191603
null-51,TITAN,SELL,33,2024-02-13 10:15:00+05:30,2024-02-13 10:21:00+05:30,stop,6,3581.1085,3589.8574,5.163344496446371,-1.6944250003116017,-1.0000143016620942,-288.7137000000016,-170.39280524820293,40.0,29.544145125,8.164144677149999,118.32089475179869,77.70828980215,196.0291845539487,16.58781999991519,6.575608252783216,10.012211747131971,-366.42198980215164,-366.42198980215164,77.70828980215,0.0,-2.150485343039437
null-52,TITAN,BUY,42,2024-02-14 10:43:00+05:30,2024-02-14 10:44:00+05:30,stop,1,3536.3173,3528.6861,4.098704201052442,-1.8618567297539468,-0.9999988102636567,-320.51040000001103,-172.14537163635393,40.0,37.05120405,10.2371899266,148.3650283636571,87.2883939766,235.65342234025712,15.86621135497689,5.877004008325137,9.989207346651751,-407.798793976611,-407.798793976611,87.2883939766,0.0,-2.368918228397176
null-53,TITAN,BUY,57,2024-02-15 11:41:00+05:30,2024-02-15 11:42:00+05:30,stop,1,3589.2937,3582.688,3.0197656589048165,-2.1874876219354618,-0.9999815369854591,-376.524900000004,-172.12346458087012,40.0,51.053304000000004,14.10370201305,204.40143541913386,105.15700601305001,309.5584414321839,15.130692285469523,5.139896338421434,9.990795947048088,-481.681906013054,-481.681906013054,105.15700601305001,0.0,-2.7984157412001833
null-54,TITAN,BUY,37,2024-02-15 10:47:00+05:30,2024-02-15 10:56:00+05:30,stop,9,3579.5889,3571.423,4.590442189755777,-1.7788918065940977,-0.9999897630435991,-302.13830000001553,-169.84462231117112,40.0,33.03566274999999,9.12826669035,132.2936776888444,82.16392944034999,214.4576071291944,16.1922268337358,6.203636237756466,9.988590595979334,-384.3022294403655,-384.3022294403655,82.16392944034999,0.0,-2.2626462358703816
null-55,TITAN,SELL,27,2024-02-14 10:00:00+05:30,2024-02-14 10:01:00+05:30,stop,1,3526.1361,3536.101,6.43384793497944,-1.5488242962384822,-0.9999899163712932,-269.05229999999847,-173.7121425780341,40.0,23.801418675,6.57847385865,95.34015742196436,70.37989253365001,165.72004995561437,17.406530700802268,7.39240520645667,10.014125494345596,-339.4321925336485,-339.43219253364845,70.37989253365,1.4210854715202004e-14,-1.9539726169284417
null-56,TITAN,SELL,40,2024-02-14 10:48:00+05:30,2024-02-14 10:49:00+05:30,stop,1,3532.3329,3540.2112,4.342026678098591,-1.8144292018607036,-1.000000542928257,-315.13200000001234,-173.6811614203027,40.0,35.323329,9.760110858,141.45083857970965,85.083439858,226.53427843770965,16.03290833925291,6.021759717069703,10.011148622183208,-400.21543985801236,-400.21543985801236,85.083439858,0.0,-2.304312418649567
null-57,TITAN,BUY,58,2024-02-15 11:23:00+05:30,2024-02-15 11:36:00+05:30,target,13,3580.4893,3581.382,2.9824151710458864,0.2993211705286562,1.5000046981521473,51.77659999999287,259.47093256772604,40.0,51.93003900000001,14.3309044713,207.69433256773317,106.26094347130001,313.95527603903315,15.118106904195987,5.1168571632480315,10.001249740947955,-54.48434347130711,-54.48434347130714,106.26094347130001,0.0,-0.31497466931624013
null-58,TITAN,SELL,74,2024-02-13 12:12:00+05:30,2024-02-13 12:13:00+05:30,target,1,3596.0511,3596.1554,2.3278568949322107,-0.044805159727399756,1.5000080677436787,-7.718199999997523,258.3935050983788,40.0,66.52694535,18.361703194500002,266.1117050983763,124.8886485445,391.00035364287635,14.693307786259131,4.693160338546192,10.000147447712939,-132.60684854449755,-132.60684854449752,124.8886485445,0.0,-0.7698000868058908
null-59,TITAN,BUY,47,2024-02-15 11:56:00+05:30,2024-02-15 11:58:00+05:30,stop,2,3591.3448,3584.1198,3.637287176240079,-1.9863705145955797,-0.999994895392605,-339.5749999999957,-170.9516246379019,40.0,42.11340765,11.6350158489,168.62337536209384,93.7484234989,262.37179886099386,15.543978676650827,5.554040114686939,9.989938561963886,-433.32342349889575,-433.32342349889575,93.7484234989,0.0,-2.5347592482421577
null-60,TITAN,SELL,62,2024-02-19 10:50:00+05:30,2024-02-19 10:59:00+05:30,stop,9,3672.113,3678.5829,2.7945612069875096,-2.3151756289405077,-0.9999969732817987,-401.13380000000325,-173.26227041557087,40.0,56.9177515,15.723138530099998,227.87152958443238,112.6408900301,340.5124196145324,14.956336583962404,4.947528980923464,10.008807603038939,-513.7746900301033,-513.7746900301032,112.6408900301,0.0,-2.9652914840986955
null-61,TITAN,SELL,56,2024-02-19 13:24:00+05:30,2024-02-19 13:29:00+05:30,target,5,3706.5958,3705.6695,3.088259841025774,0.2999423778060106,1.5000142625854498,51.872800000004645,259.41629325407797,40.0,51.892341200000004,14.320496559599999,207.54349325407333,106.2128377596,313.75633101367333,15.115734025393778,5.1169804302258,9.998753595167976,-54.34003775959536,-54.34003775959536,106.2128377596,0.0,-0.31420860519732835
null-62,TITAN,SELL,51,2024-02-16 13:17:00+05:30,2024-02-16 13:21:00+05:30,stop,4,3648.9246,3655.9631,3.3860091349906725,-2.0787008302089243,-1.0000141350840417,-358.96350000000575,-172.68890682223244,40.0,46.52378864999999,12.852949908149998,186.2745931777733,99.37673855815,285.6513317359233,15.349745798052245,5.340103495534537,10.00964230251771,-458.34023855815576,-458.34023855815576,99.37673855814998,1.4210854715202004e-14,-2.6541757989572186
null-63,TITAN,BUY,65,2024-02-16 13:40:00+05:30,2024-02-16 13:41:00+05:30,stop,1,3657.4278,3651.104,2.669537178901919,-2.3688750432018093,-0.9999990966531103,-411.04700000000776,-173.51975987994774,40.0,59.330439999999996,16.3893825615,237.52724012006001,115.7198225615,353.24706268156,14.858995152552085,4.867642124021192,9.991353028530892,-526.7668225615078,-526.7668225615078,115.7198225615,0.0,-3.035771528688077
null-64,TITAN,SELL,35,2024-02-14 10:15:00+05:30,2024-02-14 10:18:00+05:30,stop,3,3528.8847,3537.3262,4.908419800729462,-1.7197999239481059,-0.9999951056283718,-295.4524999999967,-171.79385219845975,40.0,30.877741125,8.53244966175,123.65864780153694,79.41019078675001,203.06883858828695,16.441361251639076,6.429404151139148,10.011957100499925,-374.8626907867467,-374.8626907867467,79.41019078675001,0.0,-2.182038828935401
null-65,TITAN,SELL,55,2024-02-13 14:16:00+05:30,2024-02-13 14:22:00+05:30,target,6,3581.2085,3580.0456,3.162328922155666,0.3677353079411957,1.5000110211966187,63.959500000014486,260.8940529735278,40.0,49.241616875,13.58847965475,196.93455297351326,102.83009652975,299.7646495032633,15.219070195451582,5.220690497977783,9.998379697473798,-38.87059652973551,-38.87059652973551,102.83009652975,0.0,-0.2234865936212294
null-66,TITAN,SELL,39,2024-02-19 10:08:00+05:30,2024-02-19 10:10:00+05:30,stop,2,3667.1655,3675.2317,4.394988237344478,-1.8353177675109047,-1.0000032449247027,-314.5817999999904,-171.40509745126474,40.0,35.754863625,9.8791954326,143.17670254872564,85.6340590576,228.81076160632563,15.998576026335328,5.987581155093834,10.010994871241497,-400.21585905759036,-400.21585905759036,85.6340590576,0.0,-2.334919810898336
null-67,TITAN,BUY,38,2024-02-16 11:28:00+05:30,2024-02-16 11:40:00+05:30,stop,12,3673.886,3665.6477,4.568529921099525,-1.8032715429862476,-1.0000009567703625,-313.0553999999993,-173.60430310107506,40.0,34.82365315,9.6221286807,139.45109689892422,84.4457818307,223.89687872962423,16.037577443785125,6.048792522678625,9.988784921106499,-397.5011818306993,-397.50118183069924,84.44578183069999,1.4210854715202004e-14,-2.2896987865365164
null-68,TITAN,BUY,69,2024-02-13 14:12:00+05:30,2024-02-13 14:13:00+05:30,stop,1,3593.5459,3587.4279,2.527454403831598,-2.420617357419032,-1.0000234734389999,-422.14199999999573,-174.3984474996076,40.0,61.883131275000004,17.094308130899996,247.74355250038812,118.9774394059,366.72099190628813,14.78984026376038,4.798354505580509,9.991485758179873,-541.1194394058957,-541.1194394058957,118.9774394059,0.0,-3.1028495327704437
null-69,TITAN,BUY,52,2024-02-13 13:02:00+05:30,2024-02-13 13:03:00+05:30,stop,1,3601.8,3594.8533,3.348331020801197,-2.074675400025933,-1.0000128918831637,-361.22839999999815,-174.11545772886257,40.0,46.7330929,12.9107960202,187.11294227113558,99.6438889202,286.75683119133555,15.310551518649627,5.320197215505495,9.990354303144132,-460.8722889201981,-460.8722889201981,99.6438889202,0.0,-2.646969065489824
null-70,TITAN,SELL,102,2024-02-14 13:43:00+05:30,2024-02-14 13:47:00+05:30,target,4,3533.5823,3534.5584,1.7052995537569586,-0.5723921042783403,1.5000127009107584,-99.56219999998575,260.9130409282744,40.0,90.10634865,24.8727871233,360.4752409282602,154.97913577330002,515.4543767015602,14.301278001612827,4.2998950155911135,10.001382986021712,-254.54133577328582,-254.54133577328574,154.9791357733,2.842170943040401e-14,-1.4633811909450727
null-71,TITAN,BUY,32,2024-02-15 10:38:00+05:30,2024-02-15 10:43:00+05:30,stop,5,3581.79,3572.899,5.313695705389819,-1.6732234009903326,-0.9999926836278005,-284.51200000000244,-170.03701850925705,40.0,28.583192,7.898776655999999,114.47498149074538,76.48196865599999,190.95695014674538,16.660397991188187,6.672813092057322,9.987584899130862,-360.99396865600244,-360.99396865600244,76.48196865599999,0.0,-2.123016097639427
null-72,TITAN,SELL,107,2024-02-15 13:32:00+05:30,2024-02-15 13:33:00+05:30,stop,1,3574.212,3579.4163,1.6274618948368698,-3.197801445619428,-1.0000149693425373,-556.8600999999867,-174.14102948524408,40.0,95.61017100000001,26.407618869449998,382.7190705147426,162.01778986945,544.7368603841926,14.243695380070825,4.236416172434469,10.007279207636355,-718.8778898694367,-718.8778898694367,162.01778986945,0.0,-4.128198007809113
null-73,TITAN,SELL,79,2024-02-19 13:54:00+05:30,2024-02-19 14:03:00+05:30,target,9,3702.148,3702.5627,2.19174280601419,-0.1892101568039214,1.5000191459019876,-32.76129999998511,259.7248375812243,40.0,73.11742300000002,20.18153901285,292.4861375812094,133.29896201285,425.7850995940594,14.55826402668962,4.5577017263330655,10.000562300356558,-166.0602620128351,-166.06026201283515,133.29896201285004,-2.842170943040401e-14,-0.959067198626522
null-74,TITAN,BUY,58,2024-02-19 12:32:00+05:30,2024-02-19 12:36:00+05:30,stop,4,3703.801,3697.1205,2.9800329858162513,-2.24175370937047,-1.000002352052383,-387.4689999999964,-172.84231971057636,40.0,53.60824725,14.809243921499998,214.62668028942005,108.41749117149999,323.04417146092004,15.03786810942001,5.046888558979797,9.990979550440214,-495.8864911714964,-495.8864911714964,108.41749117149999,0.0,-2.8690176014350026
null-75,TITAN,BUY,59,2024-02-14 14:13:00+05:30,2024-02-14 14:14:00+05:30,target,1,3545.6719,3546.5155,2.926396722174559,0.2882726028251172,1.5000340740410407,49.77240000000893,258.9919930480072,40.0,52.311103624999994,14.436147452699998,209.21959304799827,106.74725107769999,315.96684412569823,15.103964468394873,5.102771753909082,10.001192714485791,-56.97485107769103,-56.974851077691056,106.74725107769999,0.0,-0.32998787713143185
null-76,TITAN,SELL,84,2024-02-13 12:03:00+05:30,2024-02-13 12:08:00+05:30,target,5,3600.199,3600.6969,2.068375762708456,-0.24072028350780167,1.4999927873718033,-41.82359999998698,260.6140929535363,40.0,75.604179,20.8681963182,302.43769295352325,136.4723753182,438.9100682717233,14.513419564800884,4.512725920818477,10.000693643982407,-178.295975318187,-178.295975318187,136.47237531820002,-2.842170943040401e-14,-1.0262018986148334
null-77,TITAN,SELL,31,2024-02-15 10:15:00+05:30,2024-02-15 10:33:00+05:30,target,18,3582.0081,3577.2349,5.568576054618916,0.8571670662630001,1.4999927281728775,147.96920000000273,258.9375312343856,40.0,27.760562775,7.656810388499999,110.96833123438282,75.4173731635,186.38570439788282,16.78511580515705,6.791772718618814,9.99334308653824,72.55182683650276,72.55182683650273,75.4173731635,0.0,0.4202836574196868
null-78,TITAN,SELL,45,2024-02-16 10:22:00+05:30,2024-02-16 10:26:00+05:30,stop,4,3655.8711,3663.3728,3.842023265352509,-1.9525389311540173,-1.000014509325855,-337.5765000000115,-172.89355547340037,40.0,41.128549875,11.363126154749999,164.68294452661112,92.49167602975,257.1746205563611,15.632366162798071,5.622108991859393,10.010257170938678,-430.0681760297615,-430.0681760297615,92.49167602975,0.0,-2.48750981406727
null-79,TITAN,BUY,41,2024-02-14 10:55:00+05:30,2024-02-14 11:13:00+05:30,stop,18,3537.0676,3529.3319,4.202600266250101,-1.8406937395695115,-0.9999764513351775,-317.1636999999887,-172.302553325627,40.0,36.175651975,9.995422092750001,144.8611466743617,86.17107406775,231.0322207421117,15.931084306169993,5.9420224647319735,9.98906184143802,-403.3347740677387,-403.3347740677387,86.17107406775,0.0,-2.3407968616118318
null-80,TITAN,BUY,65,2024-02-14 11:50:00+05:30,2024-02-14 11:55:00+05:30,stop,5,3533.4658,3527.2615,2.674027998742986,-2.320207568101908,-0.9999659763252673,-403.2794999999919,-173.80590620146847,40.0,57.317999375,15.83368097025,229.47359379852344,113.15168034525,342.6252741437734,14.917812601300287,4.926593833834802,9.991218767465488,-516.431180345242,-516.431180345242,113.15168034525001,-1.4210854715202004e-14,-2.9712086357993797
null-81,TITAN,SELL,50,2024-02-15 11:50:00+05:30,2024-02-15 11:51:00+05:30,stop,1,3580.3589,3587.3762,3.433372539829179,-2.043850446927938,-1.0000176993694743,-350.8649999999989,-171.67166541791522,40.0,44.75448625,12.3643430475,179.19333458208365,97.1188292975,276.31216387958364,15.434886367374157,5.425089048893954,10.009797318480203,-447.98382929749886,-447.98382929749886,97.1188292975,0.0,-2.609584739789335
null-82,TITAN,SELL,39,2024-02-15 10:57:00+05:30,2024-02-15 11:07:00+05:30,stop,10,3575.2115,3583.1847,4.394024442670343,-1.8145552224453312,-0.9999951196972235,-310.95479999999634,-171.36611694152558,40.0,34.858312125,9.631622087099998,139.58868305847076,84.4899342121,224.07861727057076,16.070673220424236,6.059525623983436,10.0111475964408,-395.44473421209636,-395.44473421209636,84.4899342121,0.0,-2.307590388227079
null-83,TITAN,BUY,66,2024-02-13 10:51:00+05:30,2024-02-13 10:52:00+05:30,target,1,3588.9436,3589.2899,2.623605514126666,0.131993929016966,1.5000036067406242,22.855800000010277,259.73757043440287,40.0,59.22328335000001,16.344837679500003,236.88177043439262,115.56812102950002,352.44989146389264,14.879447731262871,4.878962535969098,10.000485195293773,-92.71232102948977,-92.71232102948974,115.56812102950002,0.0,-0.5354204849954556
null-84,TITAN,SELL,40,2024-02-16 10:44:00+05:30,2024-02-16 10:48:00+05:30,stop,4,3654.172,3662.1884,4.358196999660777,-1.8393844979068037,-1.0000054816004011,-320.65599999999904,-174.32883558220794,40.0,36.541720000000005,10.096577351999999,146.3271644177911,86.63829735200001,232.9654617697911,15.938320758422913,5.927354907760226,10.010965850662688,-407.29429735199903,-407.29429735199903,86.63829735200001,0.0,-2.336369245032413
null-85,TITAN,BUY,44,2024-02-19 11:34:00+05:30,2024-02-19 11:38:00+05:30,target,4,3687.1427,3689.2707,3.877525699393118,0.5488035837733366,1.4999792664075715,93.63200000000688,255.91315877829658,40.0,40.5819777,11.1973955412,162.2811587782897,91.7793732412,254.0605320194897,15.660101792216905,5.65721214530403,10.002889646912875,1.8526267588068777,1.8526267588068777,91.7793732412,0.0,0.010858768419210532
null-86,TITAN,BUY,46,2024-02-16 10:58:00+05:30,2024-02-16 10:59:00+05:30,target,1,3665.832,3667.805,3.7598714847722476,0.5247519783563745,1.5000033731994868,90.75799999999799,259.431715857927,40.0,42.1797575,11.638481919,168.67371585792895,93.81823941900001,262.49195527692893,15.56630760451183,5.563612691174348,10.002694913337482,-3.0602394190019595,-3.060239419002002,93.818239419,1.4210854715202004e-14,-0.017693940912817337
null-87,TITAN,SELL,40,2024-02-15 12:25:00+05:30,2024-02-15 12:26:00+05:30,target,1,3583.2075,3580.3548,4.289662527633936,0.6650173484797152,1.4999974280423622,114.10799999999654,257.37931034482415,40.0,35.832074999999996,9.885715974,143.27131034482758,85.717790974,228.98910131882758,15.976544849748976,5.980521011830882,9.996023837918093,28.39020902599657,28.39020902599654,85.717790974,0.0,0.16545712420911496
null-88,TITAN,SELL,73,2024-02-13 14:06:00+05:30,2024-02-13 14:09:00+05:30,target,3,3593.2025,3593.2597,2.3573606578170256,-0.02426442462697335,1.499996181018078,-4.1756000000141285,258.1303348325696,40.0,65.57594562499999,18.099105050699997,262.3059348325837,123.67505067569999,385.9809855082837,14.715036963231125,4.714954908273197,10.000082054957929,-127.85065067571412,-127.85065067571412,123.67505067569999,0.0,-0.7429405299405758
null-89,TITAN,SELL,78,2024-02-14 14:03:00+05:30,2024-02-14 14:10:00+05:30,stop,7,3529.9342,3535.6757,2.2087578111113544,-2.599424876333884,-0.9999718353286594,-447.83699999997134,-172.27825696953562,40.0,68.8337169,19.0135562409,275.5587430304357,127.8472731409,403.40601617133575,14.651468580339577,4.643337556746845,10.008131023592732,-575.6842731408714,-575.6842731408714,127.8472731409,0.0,-3.3415015296115933
null-90,TITAN,SELL,48,2024-02-16 11:11:00+05:30,2024-02-16 11:16:00+05:30,stop,5,3672.7127,3680.0169,3.6278402110333445,-2.013374232356151,-0.9999988687279366,-350.6016000000018,-174.13613313403505,40.0,44.0725524,12.176120217599998,176.46546686596673,96.2486726176,272.7141394835667,15.469613434708103,5.459672028071602,10.009941406636498,-446.8502726176018,-446.8502726176018,96.2486726176,0.0,-2.566094463372661
null-91,TITAN,SELL,53,2024-02-19 13:12:00+05:30,2024-02-19 13:14:00+05:30,stop,2,3699.9991,3706.9717,3.269111190626063,-2.132873308192599,-1.0000012929058089,-369.547800000003,-173.26311711578228,40.0,49.024988075,13.5436461078,196.28468288422073,102.5686341828,298.8533170670207,15.239846494701096,5.230426268839026,10.00942022586207,-472.116434182803,-472.116434182803,102.5686341828,0.0,-2.724856001923324
null-92,TITAN,SELL,32,2024-02-13 10:25:00+05:30,2024-02-13 10:26:00+05:30,target,1,3589.9041,3585.5573,5.289721666638798,0.8217445593431965,1.4999905824298694,139.09760000000824,253.90504587626972,40.0,28.719232800000004,7.9217093856,114.80744587626148,76.64094218560001,191.4483880618615,16.665520750075668,6.671569425211109,9.99395132486456,62.45665781440823,62.45665781440823,76.64094218560001,0.0,0.3689741501919994
null-93,TITAN,BUY,90,2024-02-14 13:01:00+05:30,2024-02-14 13:05:00+05:30,stop,4,3548.9736,3543.5002,1.9271285948257173,-2.840184103279756,-1.0000181549716651,-492.60599999998703,-173.44472236116763,40.0,79.7287545,22.022131149,319.1612776388194,141.750885649,460.9121632878194,14.430217961479197,4.437930562640546,9.992287398838652,-634.356885648987,-634.356885648987,141.750885649,0.0,-3.6574673114544978
null-94,TITAN,SELL,47,2024-02-13 10:42:00+05:30,2024-02-13 10:50:00+05:30,stop,8,3578.21,3585.4581,3.6662421039363835,-1.9769834600441771,-1.000006754226651,-340.66069999999036,-172.31454272862604,40.0,42.0439675,11.615887824149999,168.34615727136432,93.65985532415,262.00601259551433,15.579286885539188,5.569161338315062,10.010125547224124,-434.3205553241404,-434.32055532414034,93.65985532415,0.0,-2.5205271821288804
null-95,TITAN,BUY,81,2024-02-14 12:33:00+05:30,2024-02-14 12:34:00+05:30,target,1,3540.4193,3540.0838,2.136460673822967,-0.15703542036175047,1.5000287112485857,-27.175500000011198,259.5849404462239,40.0,71.68669695,19.78646591295,286.7604404462351,131.47316286295,418.2336033091851,14.584085615599019,4.584557166558851,9.999528449040168,-158.6486628629612,-158.6486628629612,131.47316286295,0.0,-0.9167617693328357
null-96,TITAN,BUY,80,2024-02-19 14:08:00+05:30,2024-02-19 14:13:00+05:30,stop,5,3707.0526,3701.1721,2.1763562670012107,-2.701993276175743,-1.0000146699768475,-470.4400000000169,-174.11105552778076,40.0,74.023442,20.446700172,296.3289444722361,134.470142172,430.7990866442361,14.526334433595444,4.534267404649182,9.992067028946263,-604.9101421720169,-604.9101421720169,134.470142172,0.0,-3.474328579285868
null-97,TITAN,BUY,53,2024-02-14 11:16:00+05:30,2024-02-14 11:21:00+05:30,stop,5,3532.9156,3526.1428,3.2432933498926104,-2.088247737511622,-0.9999932972221046,-358.9583999999859,-171.89339537333473,40.0,46.7213921,12.9074882844,187.06500462665116,99.6288803844,286.6938850110512,15.311202410593033,5.320789989809198,9.990412420783835,-458.5872803843859,-458.5872803843859,99.6288803844,0.0,-2.6678407601391676
null-98,TITAN,BUY,21,2024-02-15 09:39:00+05:30,2024-02-15 09:41:00+05:30,stop,2,3586.0922,3574.3417,8.170255702512804,-1.4382046814503218,-1.0000035972018062,-246.76050000000214,-171.57598694399888,40.0,18.765293924999998,5.1877343605499995,75.18451305600327,63.95302828555,139.13754134155326,18.475813886605124,8.492203015058855,9.983610871546267,-310.7135282855521,-310.7135282855521,63.95302828555,0.0,-1.8109448269484951
null-99,TITAN,SELL,58,2024-02-15 13:43:00+05:30,2024-02-15 13:44:00+05:30,stop,1,3592.3029,3598.8927,2.9941694847534563,-2.2008774164440306,-1.0000111763202424,-382.208399999985,-173.66377101592772,40.0,52.08839205,14.3895823956,208.54462898405725,106.4779744456,315.02260342965724,15.119616436194887,5.110446409220651,10.009170026974237,-488.686374445585,-488.686374445585,106.4779744456,0.0,-2.8140114273816104
null-100,TITAN,SELL,51,2024-02-16 13:23:00+05:30,2024-02-16 13:34:00+05:30,stop,11,3652.223,3659.2924,3.4136283111320154,-2.0709343126040367,-1.0000043479480716,-360.53939999999284,-174.09580082394305,40.0,46.56584325,12.864611346299998,186.4435991760498,99.4304545963,285.8740537723498,15.347840488873237,5.33816461040357,10.009675878469666,-459.96985459629286,-459.96985459629286,99.4304545963,0.0,-2.6420617404005537
null-101,TITAN,BUY,56,2024-02-19 11:06:00+05:30,2024-02-19 11:07:00+05:30,target,1,3680.3392,3681.3194,3.1073030961542827,0.3154503985186064,1.5000244009109551,54.89119999999821,261.0177060544247,40.0,51.5384716,14.222724415199998,206.12650605442653,105.7611960152,311.8877020696265,15.132907453865476,5.131572616963442,10.001334836902034,-50.86999601520182,-50.86999601520179,105.7611960152,0.0,-0.29234122255727435
null-102,TITAN,SELL,49,2024-02-13 12:52:00+05:30,2024-02-13 12:55:00+05:30,target,3,3598.2,3596.5273,3.513351405512367,0.476098120266363,1.500010775821415,81.9622999999815,258.23318340827734,40.0,44.07795,12.16268650065,176.27088340829584,96.24063650065,272.51151990894584,15.456226974538621,5.45854766956324,9.997679304975382,-14.278336500668502,-14.278336500668502,96.24063650065,0.0,-0.08293921923250577
null-103,TITAN,SELL,53,2024-02-19 12:22:00+05:30,2024-02-19 12:25:00+05:30,target,3,3701.1485,3699.9774,3.2478050770196205,0.36058198451806117,1.4999866224687781,62.06829999997717,258.19820089952736,40.0,49.040217625,13.532958708149998,196.12990089955022,102.57317633315,298.70307723270025,15.227454714659837,5.229033500498766,9.99842121416107,-40.50487633317289,-40.50487633317283,102.57317633315,0.0,-0.2353105964055645
null-104,TITAN,SELL,47,2024-02-19 10:17:00+05:30,2024-02-19 10:19:00+05:30,target,2,3676.6608,3674.7935,3.695329497077637,0.5053135319804624,1.5000092793188244,87.76309999999467,260.52234118057993,40.0,43.200764400000004,11.92038314745,172.7592411805853,95.12114754745001,267.8803887280353,15.502063010257483,5.504598637810793,9.997464372446688,-7.358047547455385,-7.358047547455342,95.12114754745001,0.0,-0.042365424588296056
null-105,TITAN,SELL,50,2024-02-19 11:10:00+05:30,2024-02-19 11:14:00+05:30,stop,4,3680.8087,3687.9134,3.4203880677669076,-2.0771619650276585,-0.9999858897057486,-355.2349999999933,-171.01699025424088,40.0,46.01010875,12.711045622499999,184.21800974575243,98.7211543725,282.9391641182524,15.37375001956784,5.364101338518353,10.00964868104949,-453.9561543724933,-453.9561543724933,98.7211543725,0.0,-2.654413156509874
null-106,TITAN,SELL,42,2024-02-16 10:52:00+05:30,2024-02-16 10:54:00+05:30,stop,2,3657.0206,3664.791,4.109481405519091,-1.890846857115494,-1.0000033634061547,-326.3568000000141,-172.59879954971402,40.0,38.398716300000004,10.6093050084,153.7580004503001,89.0080213084,242.7660217587001,15.805607918115488,5.794986778529364,10.010621139586123,-415.3648213084141,-415.3648213084141,89.0080213084,0.0,-2.406541757142243
null-107,TITAN,BUY,74,2024-02-13 13:42:00+05:30,2024-02-13 13:43:00+05:30,stop,1,3599.5489,3593.6029,2.349379362107811,-2.5308811747904745,-1.0000192924348466,-440.00399999999354,-173.85742686435026,40.0,66.48165365,18.364116545399998,266.1465731356433,124.8457701954,390.9923433310433,14.678729090982399,4.68699009100985,9.991738999972547,-564.8497701953936,-564.8497701953936,124.84577019540001,-1.4210854715202004e-14,-3.2489878500474276
null-108,TITAN,BUY,42,2024-02-16 11:18:00+05:30,2024-02-16 11:20:00+05:30,stop,2,3685.892,3678.1199,4.090080594453866,-1.9002315041269897,-1.0000035398005613,-326.42819999998665,-171.78399304598491,40.0,38.62025895000001,10.670453243099999,154.64420695400173,89.2907121931,243.93491914710174,15.757309941276588,5.7678557535895045,9.989454187687086,-415.7189121930867,-415.7189121930867,89.2907121931,0.0,-2.4200181657428415
null-109,TITAN,BUY,55,2024-02-16 12:46:00+05:30,2024-02-16 12:47:00+05:30,stop,1,3664.8315,3658.0251,3.145002600627322,-2.164195348723175,-0.9999904246870083,-374.3519999999967,-172.97348674336837,40.0,50.297845125,13.895120398499998,201.3785132566283,104.19296552349999,305.5714787801283,15.159892258974542,5.169180506587349,9.990711752387194,-478.54496552349667,-478.54496552349667,104.19296552349999,0.0,-2.7665533736719796
null-110,TITAN,SELL,45,2024-02-16 10:56:00+05:30,2024-02-16 10:57:00+05:30,stop,1,3659.3694,3666.8807,3.8481723346553736,-1.9519136220474909,-1.0000009296331902,-338.00850000000537,-173.1679160419844,40.0,41.167905749999996,11.374003280250001,164.84058395802097,92.54190903025,257.382492988271,15.630045316810353,5.6197848387180835,10.010260478092267,-430.5504090302554,-430.55040903025537,92.54190903025,0.0,-2.486319747474579
null-111,TITAN,SELL,53,2024-02-19 10:22:00+05:30,2024-02-19 10:23:00+05:30,stop,1,3670.214,3677.1635,3.2757972010213052,-2.1214683246672,-1.000004538721713,-368.32350000000906,-173.61803965451898,40.0,48.6303355,13.43467975875,194.70546034549008,102.06501525875001,296.7704756042401,15.256448087029963,5.246982886780105,10.009465200249856,-470.38851525875907,-470.38851525875907,102.06501525875,1.4210854715202004e-14,-2.7093420197426084
null-112,TITAN,BUY,57,2024-02-19 12:37:00+05:30,2024-02-19 12:42:00+05:30,target,5,3700.3493,3701.2291,3.0537839478142814,0.2881015864366791,1.4999719768735644,50.14860000000908,261.0936496734215,40.0,52.742514675,14.555203923599997,210.94504967341243,107.2977185986,318.2427682720124,15.088322772427185,5.087130871036722,10.001191901390463,-57.14911859859092,-57.14911859859092,107.2977185986,0.0,-0.32831926976443976
null-113,TITAN,BUY,45,2024-02-13 10:57:00+05:30,2024-02-13 10:59:00+05:30,stop,2,3595.3468,3587.9415,3.813604680934077,-1.9418111261039508,-1.000013667509976,-333.2384999999954,-171.61455615363442,40.0,40.364341875,11.15205508575,161.62394384636096,91.51639696075,253.14034080711096,15.646170508015215,5.656471610023514,9.989698897991703,-424.7548969607454,-424.7548969607454,91.51639696075,0.0,-2.475085516185927
null-114,TITAN,SELL,72,2024-02-19 14:14:00+05:30,2024-02-19 14:20:00+05:30,target,6,3701.4484,3701.5252,2.4164373842900204,-0.031782325707721916,1.5000130894089294,-5.529599999987113,260.97751484439164,40.0,66.62607120000001,18.388986422400002,266.50711484437875,125.01505762240001,391.5221724667788,14.691027304142569,4.690921112815069,10.0001061913275,-130.54465762238715,-130.54465762238712,125.01505762240001,0.0,-0.7503278407059136
null-115,TITAN,SELL,49,2024-02-13 11:32:00+05:30,2024-02-13 11:35:00+05:30,stop,3,3594.202,3601.3576,3.5578222687422567,-2.011230314360027,-0.9999996685367339,-350.62439999998014,-174.3332333832885,40.0,44.028974500000004,12.1640935038,176.29116661669164,96.19306800380001,272.48423462049163,15.471870382791428,5.461918492094337,10.009951890697092,-446.81746800378016,-446.81746800378016,96.1930680038,1.4210854715202004e-14,-2.563007128525126
null-116,TITAN,BUY,53,2024-02-13 11:39:00+05:30,2024-02-13 11:40:00+05:30,stop,1,3602.7005,3595.8157,3.285529044534087,-2.0954920521715037,-1.00000416275468,-364.8943999999901,-174.13376423343118,40.0,47.644558025,13.162486871699999,190.76063576655895,100.8070448967,291.56768066325895,15.26987045869174,5.279427793212552,9.990442665479186,-465.70144489669013,-465.70144489669013,100.80704489669999,1.4210854715202004e-14,-2.674400255158276
null-117,TITAN,BUY,60,2024-02-19 13:03:00+05:30,2024-02-19 13:08:00+05:30,stop,5,3709.0536,3702.4469,2.9009298222090365,-2.27744220126267,-1.0000071194513904,-396.4020000000164,-174.05702851427355,40.0,55.536703499999994,15.341806034999998,222.34497148574286,110.87850953499999,333.22348102074284,14.973427948517775,4.982336084106917,9.991091864410858,-507.2805095350164,-507.2805095350164,110.87850953499998,1.4210854715202004e-14,-2.914470765266141
null-118,TITAN,BUY,55,2024-02-14 11:29:00+05:30,2024-02-14 11:32:00+05:30,stop,3,3528.5134,3521.8639,3.124305165836631,-2.128313223916261,-1.0000022293729394,-365.7224999999994,-171.8371672092912,40.0,48.425628625,13.378090926749998,193.8853327907082,101.80371955174999,295.6890523424582,15.23634454114499,5.245769278140554,9.990575263004436,-467.52621955174936,-467.5262195517494,101.80371955175,-1.4210854715202004e-14,-2.7207575022033565
null-119,TITAN,SELL,32,2024-02-19 09:56:00+05:30,2024-02-19 10:02:00+05:30,stop,6,3661.3684,3670.3775,5.343237164491256,-1.6860752616168024,-0.999998357047671,-288.29120000000694,-170.98330834583402,40.0,29.290947199999998,8.0942474736,117.30789165417292,77.3851946736,194.6930863277729,16.617172278383414,6.604873012915062,10.012299265468354,-365.6763946736069,-365.6763946736069,77.3851946736,0.0,-2.1386636942659925
null-120,TITAN,SELL,66,2024-02-16 12:55:00+05:30,2024-02-16 12:56:00+05:30,target,1,3658.5698,3658.3215,2.6045121318034035,0.0953345530505449,1.4999917178276936,16.387800000013158,257.8452773613325,40.0,60.366401700000004,16.6605614901,241.45747736131935,117.0269631901,358.48444055141937,14.84619053215074,4.8465272028173585,9.999663329333382,-100.63916319008689,-100.63916319008685,117.0269631901,0.0,-0.5854592832534008
null-121,TITAN,BUY,53,2024-02-16 12:57:00+05:30,2024-02-16 13:00:00+05:30,stop,3,3654.7765,3647.8729,3.252224330041372,-2.122731798120542,-1.0000159223419105,-365.89080000000513,-172.3706339926636,40.0,48.334315925,13.352894427899999,193.52016600734152,101.6872103529,295.2073763602415,15.240194571030669,5.249641422483906,9.990553148546764,-467.5780103529051,-467.57801035290515,101.6872103529,0.0,-2.712674685119259
null-122,TITAN,BUY,30,2024-02-13 10:09:00+05:30,2024-02-13 10:13:00+05:30,stop,4,3589.844,3580.6032,5.655596830085415,-1.633921277917626,-0.9999966376332158,-277.22400000000107,-169.66733441683465,40.0,26.854524,7.421412852,107.5566655831664,74.275936852,181.8326024351664,16.883983671265046,6.896858364133186,9.98712530713186,-351.49993685200104,-351.49993685200104,74.275936852,0.0,-2.071693742277668
null-123,TITAN,SELL,43,2024-02-15 14:04:00+05:30,2024-02-15 14:05:00+05:30,stop,1,3590.3039,3597.9427,4.0445890474316,-1.888646760009147,-1.00002192156903,-328.4684000000075,-173.92114158029287,40.0,38.595766925,10.663763831099999,154.5472584197146,89.25953075609999,243.8067891758146,15.792327021871625,5.781691741580803,10.01063528029082,-417.72793075610747,-417.72793075610747,89.25953075609999,0.0,-2.4018764148631337
null-124,TITAN,BUY,43,2024-02-15 14:08:00+05:30,2024-02-15 14:21:00+05:30,target,13,3598.7985,3601.258,4.039714242498121,0.6088301925234699,1.4999897025229239,105.75849999999718,260.55977988994215,40.0,38.713523499999994,10.681283817749998,154.80127988994496,89.39480731775,244.19608720769497,15.78020767840149,5.7767863563062365,10.003421322095251,16.363692682247176,16.36369268224719,89.39480731775,0.0,0.09420245338320522
null-125,TITAN,BUY,27,2024-02-14 10:02:00+05:30,2024-02-14 10:06:00+05:30,stop,4,3538.0181,3528.0584,6.426719867199154,-1.549733021791169,-0.9999912069399945,-268.9118999999969,-173.51991062997453,40.0,23.8143942,6.582050259749999,95.39198937002234,70.39644445975,165.78843382977234,17.35523163113734,7.3693114253188305,9.98592020581851,-339.3083444597469,-339.3083444597469,70.39644445975,0.0,-1.9554260930013454
null-126,TITAN,BUY,47,2024-02-16 10:20:00+05:30,2024-02-16 10:21:00+05:30,target,1,3654.7765,3656.6362,3.6769518958922163,0.5057721864889171,1.4999945294398769,87.40589999999884,259.2241632560397,40.0,42.96547535,11.85545569305,171.8182632560408,94.82093104305,266.63919429909083,15.522630034392435,5.52008205682956,10.002547977562875,-7.415031043051158,-7.415031043051158,94.82093104305,0.0,-0.04290690289245039
null-127,TITAN,BUY,109,2024-02-14 13:29:00+05:30,2024-02-14 13:31:00+05:30,stop,2,3543.821,3538.6796,1.6002052014505352,-3.2129629345908013,-0.9999655660330412,-560.4125999999974,-174.41636090408764,40.0,96.4290191,26.6337435063,385.99623909590974,163.0627626063,549.0590017022098,14.21414498002776,4.221400143416443,9.992744836611314,-723.4753626062975,-723.4753626062974,163.0627626063,0.0,-4.147835941132809
null-128,TITAN,SELL,75,2024-02-14 12:14:00+05:30,2024-02-14 12:16:00+05:30,stop,2,3531.1336,3536.9825,2.314887816721239,-2.5266451176386697,-0.9999804361963798,-438.66749999999683,-173.61318965329423,40.0,66.20875500000001,18.288750408749998,265.0543103467026,124.49750540875002,389.5518157554526,14.70922598361246,4.700945721179548,10.008280262432914,-563.1650054087468,-563.1650054087469,124.49750540875002,0.0,-3.243728134272485
null-129,TITAN,SELL,28,2024-02-16 09:43:00+05:30,2024-02-16 09:45:00+05:30,stop,2,3637.8801,3647.5598,6.03695269245145,-1.603408291090892,-1.0000047816830029,-271.0316000000039,-169.0354836588748,40.0,25.465160700000002,7.0377349434,101.99611634112908,72.5028956434,174.4990119845291,17.131151658560814,7.117851767905788,10.013299890655027,-343.5344956434039,-343.5344956434039,72.5028956434,0.0,-2.0323315015310164
null-130,TITAN,SELL,42,2024-02-15 13:58:00+05:30,2024-02-15 14:01:00+05:30,target,3,3598.3,3595.7369,4.106695007799772,0.6241271862488582,1.5000188663464165,107.65020000001277,258.72503958127265,40.0,37.78215,10.4241594681,151.0748395812599,88.2063094681,239.2811490493599,15.832949491317981,5.8365067543866616,9.996442736931323,19.443890531912757,19.44389053191277,88.2063094681,0.0,0.1127304982936593
null-131,TITAN,SELL,53,2024-02-13 12:20:00+05:30,2024-02-13 12:22:00+05:30,stop,2,3591.8032,3598.6377,3.2393156313069085,-2.109859235064104,-0.9999891114388211,-362.22850000002063,-171.6818590704854,40.0,47.5913924,13.14772118565,190.54664092953524,100.73911358564999,291.2857545151852,15.301388540335354,5.291876771483681,10.009511768851675,-462.9676135856706,-462.9676135856706,100.73911358565,-1.4210854715202004e-14,-2.6966307042633617
null-132,TITAN,BUY,55,2024-02-19 12:58:00+05:30,2024-02-19 13:02:00+05:30,target,4,3706.1021,3707.0915,3.1306236135369545,0.31603926953138767,1.5000199812247386,54.41699999999628,258.2798885699684,40.0,50.972508125000004,14.066534856,203.86288856997217,105.03904298100001,308.90193155097217,15.154463109562526,5.153125116204238,10.001337993358288,-50.622042981003744,-50.622042981003716,105.039042981,1.4210854715202004e-14,-0.29399918198180763
null-133,TITAN,SELL,53,2024-02-19 11:58:00+05:30,2024-02-19 12:05:00+05:30,target,7,3693.1525,3691.9385,3.271033394285041,0.3711365350537148,1.4999989713370263,64.34199999999691,260.04697651174104,40.0,48.934270625,13.5036388935,195.70497651174412,102.4379095185,298.14288603024414,15.231803918924975,5.233444179822185,9.99835973910279,-38.095909518503106,-38.09590951850309,102.4379095185,0.0,-0.219744239507907
null-134,TITAN,SELL,65,2024-02-19 10:45:00+05:30,2024-02-19 10:47:00+05:30,stop,2,3672.8627,3679.2174,2.6787099636330822,-2.3722986386257023,-0.9999815792046427,-413.0554999999913,-174.11294027822635,40.0,59.684018875,16.48703962425,238.94255972176495,116.17105849925,355.1136182210149,14.874736358017032,4.866087299791019,10.008649058226014,-529.2265584992413,-529.2265584992413,116.17105849925,0.0,-3.0395030310753453
null-135,TITAN,SELL,48,2024-02-15 12:00:00+05:30,2024-02-15 12:03:00+05:30,target,3,3582.6578,3580.8681,3.580930708451433,0.4997862694678513,1.5000190537584475,85.90559999999095,257.8302860575625,40.0,42.9918936,11.862798890399999,171.92468605757153,94.8546924904,266.77937854797153,15.513353577194582,5.515847555642443,9.99750602155214,-8.949092490409043,-8.949092490409043,94.8546924904,0.0,-0.05206451675914922
null-136,TITAN,SELL,57,2024-02-14 11:43:00+05:30,2024-02-14 11:48:00+05:30,stop,5,3525.4364,3531.9738,3.0086636131923115,-2.1728583984381427,-1.0000106489079146,-372.6318000000092,-171.49565217392222,40.0,50.2374687,13.8783971583,201.13614782608698,104.1158658583,305.25201368438695,15.190455529678538,5.181185903296716,10.00926962638182,-476.7476658583092,-476.74766585830923,104.11586585830001,-1.4210854715202004e-14,-2.7799698514619067
null-137,TITAN,SELL,56,2024-02-19 12:29:00+05:30,2024-02-19 12:31:00+05:30,stop,2,3698.4498,3705.2467,3.0949762524755897,-2.196107318937784,-1.0000246435777198,-380.62640000001556,-173.3229413307509,40.0,51.778297200000004,14.303941638,207.30345866926467,106.08223883800001,313.3856975072647,15.131131886047458,5.1219451282959545,10.009186757751502,-486.7086388380156,-486.70863883801553,106.082238838,1.4210854715202004e-14,-2.808172013140363
null-138,TITAN,BUY,55,2024-02-16 14:15:00+05:30,2024-02-16 14:26:00+05:30,target,11,3651.875,3652.926,3.1355981015440193,0.33518326200108406,1.5000014426384294,57.8049999999962,258.6870921717692,40.0,50.2277325,13.8608598975,200.88209217177305,104.08859239750001,304.9706845692731,15.183765976719211,5.182323770043409,10.0014422066758,-46.28359239750387,-46.283592397503796,104.0885923975,1.4210854715202004e-14,-0.26837618678185177
null-139,TITAN,BUY,43,2024-02-13 11:22:00+05:30,2024-02-13 11:23:00+05:30,stop,1,3600.0491,3592.4213,4.031572308228988,-1.8920161705721683,-0.9999983876421326,-327.9954000000089,-173.3573297393413,40.0,38.618528975000004,10.670029838400001,154.63807026066758,89.2885588134,243.9266290740676,15.757319265584693,5.767916087420959,9.98940317816373,-417.2839588134089,-417.2839588134089,89.2885588134,0.0,-2.4070703363380064
null-140,TITAN,BUY,41,2024-02-13 11:04:00+05:30,2024-02-13 11:07:00+05:30,target,3,3587.9931,3590.7099,4.204073117497046,0.6462304351207808,1.5000103233914304,111.38879999998744,258.55227613805647,40.0,36.804776475,10.1542753935,147.16347613806903,86.9590518685,234.12252800656904,15.915040530974906,5.911250176589138,10.003790354385767,24.42974813148743,24.429748131487443,86.9590518685,0.0,0.1417310067520611
null-141,TITAN,BUY,74,2024-02-19 13:45:00+05:30,2024-02-19 13:48:00+05:30,stop,3,3708.8035,3702.7684,2.329269582230154,-2.5909839058739452,-1.0000193408693028,-446.5974000000042,-172.3692827923249,40.0,68.5012154,18.9217430607,274.2281172076793,127.4229584607,401.6510756683793,14.634685387785797,4.642823139836178,9.991862247949621,-574.0203584607042,-574.0203584607042,127.42295846070002,-1.4210854715202004e-14,-3.3302422056547205
null-142,TITAN,SELL,56,2024-02-14 11:40:00+05:30,2024-02-14 11:41:00+05:30,stop,1,3523.6873,3530.3026,3.0882827198033738,-2.142064247414861,-1.000007480621145,-370.4567999999963,-172.9451260362778,40.0,49.3316222,13.628308486799998,197.5116739637185,102.95993068679999,300.4716046505185,15.227129742072343,5.217745033265904,10.00938470880644,-473.4167306867963,-473.4167306867963,102.95993068679999,0.0,-2.737401642869631
null-143,TITAN,BUY,23,2024-02-16 09:36:00+05:30,2024-02-16 09:38:00+05:30,stop,2,3647.6729,3636.7451,7.285594777036749,-1.4999187210415468,-0.9999997315746113,-251.33939999999848,-167.5686348921572,40.0,20.911284325,5.780185683,83.77076510784127,66.691470008,150.46223511584128,17.93427340862829,7.949257541109589,9.985015867518698,-318.0308700079985,-318.0308700079985,66.69147000800001,-1.4210854715202004e-14,-1.8979135614795388
null-144,TITAN,SELL,47,2024-02-15 13:46:00+05:30,2024-02-15 13:47:00+05:30,stop,1,3595.2015,3602.4404,3.6400758489858163,-1.988667352087376,-1.0000011293814124,-340.22829999999203,-171.08375812093155,40.0,42.243617625,11.67097634085,169.14454187906048,93.91459396585,263.0591358449105,15.56798107231888,5.557916156680604,10.010064915638276,-434.14289396584206,-434.14289396584206,93.91459396585,0.0,-2.5376072459893013
null-145,TITAN,SELL,54,2024-02-16 12:30:00+05:30,2024-02-16 12:31:00+05:30,target,1,3662.7677,3661.6096,3.213494566841746,0.3603864814180458,1.5000149385066477,62.53740000000562,260.29565217391865,40.0,49.44736395,13.645314909899998,197.75825217391304,103.0926788599,300.850931033813,15.21066579696879,5.212243415247821,9.99842238172097,-40.55527885989437,-40.555278859894386,103.0926788599,0.0,-0.23370933635302518
null-146,TITAN,SELL,44,2024-02-16 11:01:00+05:30,2024-02-16 11:03:00+05:30,stop,2,3663.5673,3671.1211,3.8864428238175606,-1.9436282334342345,-1.000003588833529,-332.36719999998604,-171.00409795101052,40.0,40.29924030000001,11.134056991200001,161.36310204897552,91.4332972912,252.79639934017553,15.682454399777823,5.6721477012061685,10.010306698571654,-423.80049729118605,-423.80049729118605,91.4332972912,0.0,-2.47831498378496
null-147,TITAN,BUY,43,2024-02-13 11:00:00+05:30,2024-02-13 11:01:00+05:30,stop,1,3590.9446,3583.359,3.9984172684626174,-1.8971506700491347,-1.0000079859472948,-326.1807999999951,-171.93331558332397,40.0,38.52110925,10.6430793906,154.2474844166711,89.1641886406,243.41167305727112,15.763920676267844,5.774485583374178,9.989435092893665,-415.3449886405951,-415.3449886405951,89.1641886406,0.0,-2.4157523174296807
null-148,TITAN,SELL,52,2024-02-13 10:53:00+05:30,2024-02-13 10:54:00+05:30,target,1,3594.202,3592.7908,3.3364979812326965,0.42295844563305524,1.4999852178317203,73.38240000000042,260.2442778610699,40.0,46.72462600000001,12.8934650832,186.8618778610695,99.61809108320001,286.4799689442695,15.328103907362976,5.330063588053118,9.998040319309858,-26.235691083199583,-26.235691083199583,99.6180910832,1.4210854715202004e-14,-0.15121619244749476
null-149,TITAN,BUY,47,2024-02-13 12:31:00+05:30,2024-02-13 12:33:00+05:30,target,2,3584.4413,3586.3636,3.6717933986224125,0.5235316346288406,1.500003739042758,90.34810000000834,258.86207986552836,40.0,42.139772300000004,11.62746014535,168.51397986551999,93.76723244535,262.28121231087,15.568538744833656,5.56585345347191,10.002685291361747,-3.4191324453416314,-3.41913244534166,93.76723244535,0.0,-0.019812525090422972
null-150,TITAN,SELL,51,2024-02-13 12:28:00+05:30,2024-02-13 12:30:00+05:30,target,2,3588.155,3586.6679,3.383019777083973,0.43957768443260553,1.499994990570965,75.8421000000144,258.8001486500516,40.0,45.74897625,12.624100892549999,182.9580486500372,98.37307714255,281.3311257925872,15.373629578901628,5.375698278196444,9.997931300705183,-22.53097714253562,-22.53097714253559,98.37307714254999,1.4210854715202004e-14,-0.13058861450721818
null-151,TITAN,SELL,24,2024-02-15 09:48:00+05:30,2024-02-15 09:49:00+05:30,stop,1,3578.8097,3589.6011,7.207210871087227,-1.4973059888245166,-0.9999979923873025,-258.9936000000016,-172.97271364318004,40.0,21.472858199999997,5.9354441424,86.02088635682158,67.40830234239999,153.42918869922158,17.86315394883267,7.848082182929891,10.015071765902778,-326.4019023424016,-326.4019023424016,67.40830234239999,0.0,-1.8870100386302595
null-152,TITAN,BUY,58,2024-02-16 13:47:00+05:30,2024-02-16 13:48:00+05:30,stop,1,3656.4273,3649.7796,2.9945602704137855,-2.2199252643799396,-1.0000123651662287,-385.5665999999992,-173.68664332166006,40.0,52.9218042,14.619720006899998,211.87995667833914,107.5415242069,319.42148088523913,15.061879971781384,5.070972450248889,9.990907521532494,-493.1081242068992,-493.1081242068992,107.5415242069,0.0,-2.8391027205102803
null-153,TITAN,BUY,60,2024-02-16 14:06:00+05:30,2024-02-16 14:07:00+05:30,stop,1,3655.5268,3649.0039,2.8707029036399945,-2.272230954909694,-0.9999764740610632,-391.37399999999616,-172.23812205952666,40.0,54.7350585,15.120378549,219.1358779404695,109.855437049,328.9913149894695,14.999722018609809,5.008645951704326,9.991076066905482,-501.22943704899615,-501.22943704899615,109.855437049,0.0,-2.9100273456455974
null-154,TITAN,SELL,46,2024-02-15 13:51:00+05:30,2024-02-15 13:52:00+05:30,stop,1,3595.2015,3602.5475,3.747169979994851,-1.9604128019861264,-0.99998837970696,-337.91600000000017,-172.36781609195418,40.0,41.34481725,11.422827663,165.54818390804598,92.767644913,258.315828821046,15.619601560885242,5.609387771148027,10.010213789737213,-430.6836449130002,-430.6836449130002,92.767644913,0.0,-2.498602407383765
null-155,TITAN,SELL,76,2024-02-13 14:02:00+05:30,2024-02-13 14:04:00+05:30,stop,2,3590.6538,3596.5252,2.277879849047622,-2.577572299282957,-0.9999698054333774,-446.22639999999956,-173.1136412784099,40.0,68.2224222,18.844783338,273.11275872158967,127.067205538,400.17996425958967,14.664532251816972,4.656357889400766,10.008174362416206,-573.2936055379996,-573.2936055379996,127.067205538,0.0,-3.3115604925903077
null-156,TITAN,SELL,84,2024-02-19 14:04:00+05:30,2024-02-19 14:06:00+05:30,stop,2,3700.199,3705.9552,2.0531922155273605,-2.8035368322889016,-0.9999664901093144,-483.52079999998386,-172.46236671557557,40.0,77.70417900000001,21.4630348716,311.0584332844083,139.1672138716,450.22564715600834,14.485245611951202,4.477468768816153,10.007776843135048,-622.688013871584,-622.6880138715838,139.1672138716,0.0,-3.610452294738647
null-157,TITAN,BUY,51,2024-02-15 11:16:00+05:30,2024-02-15 11:19:00+05:30,stop,3,3581.79,3574.8203,3.39135806507511,-2.055135395986487,-1.0000110966678228,-355.45470000000523,-172.96118059030036,40.0,45.578958825,12.59205582285,182.49351940970487,98.17101464785,280.6645340575549,15.364457877182279,5.374189597492304,9.990268279689975,-453.62571464785526,-453.62571464785526,98.17101464785,0.0,-2.6227315680520173
null-158,TITAN,SELL,53,2024-02-16 12:35:00+05:30,2024-02-16 12:36:00+05:30,stop,1,3658.3699,3665.2922,3.2605168869436056,-2.123068286417819,-0.9999855477434788,-366.8818999999853,-172.80489755120968,40.0,48.473401175,13.391316149849999,194.07700244877563,101.86471732485,295.94171977362566,15.26309855508224,5.253639875459492,10.009458679622744,-468.74661732483537,-468.7466173248353,101.86471732485,0.0,-2.712537951880502
null-159,TITAN,BUY,54,2024-02-19 12:13:00+05:30,2024-02-19 12:17:00+05:30,target,4,3701.0496,3702.1646,3.2110688962939093,0.347236398847476,1.5000015445671233,60.21000000001277,260.09684842422485,40.0,49.9792221,13.7921880546,199.8868484242121,103.7714101546,303.65825857881214,15.19380092823619,5.192291345246335,10.001509582989852,-43.56141015458729,-43.561410154587236,103.7714101546,0.0,-0.2512225077361494
null-160,TITAN,SELL,30,2024-02-13 10:06:00+05:30,2024-02-13 10:07:00+05:30,stop,1,3583.2075,3592.499,5.703639113470217,-1.6290476685413333,-1.0000015888876312,-278.74499999999443,-171.10944527735575,40.0,26.874056250000002,7.4268562275,107.63555472263867,74.3009124775,181.93646720013868,16.92491687034951,6.911955510763285,10.012961359586225,-353.0459124774944,-353.0459124774944,74.3009124775,0.0,-2.063278697768647
null-161,TITAN,BUY,102,2024-02-14 13:40:00+05:30,2024-02-14 13:41:00+05:30,stop,1,3538.5684,3533.33,1.7024735699319535,-3.076934698146038,-0.9999868753798244,-534.3168000000187,-173.6500250125249,40.0,90.099915,24.8860104696,360.6667749874938,154.9859254696,515.6527004570938,14.286621199500601,4.294024265703323,9.992596933797277,-689.3027254696187,-689.3027254696187,154.98592546959998,2.842170943040401e-14,-3.9694418620639076
null-162,TITAN,BUY,22,2024-02-15 09:50:00+05:30,2024-02-15 09:55:00+05:30,stop,5,3587.3928,3576.1555,7.655575582415622,-1.4678582791098826,-0.999993753763785,-247.2206000000051,-168.4216108054078,40.0,19.66885525,5.4371331597,78.79898919459731,65.1059884097,143.9049776042973,18.233674733499708,8.249342278692811,9.9843324548069,-312.3265884097051,-312.3265884097051,65.1059884097,0.0,-1.8544213895740114
null-163,TITAN,BUY,40,2024-02-14 10:33:00+05:30,2024-02-14 10:34:00+05:30,stop,1,3550.1742,3542.322,4.305975520473112,-1.8235589038223479,-0.9999947644883375,-314.08799999999246,-172.23811905952223,40.0,35.42322,9.787644755999999,141.84988094047023,85.210864756,227.06074569647024,15.989408751862815,6.000470678030392,9.988938073832422,-399.29886475599244,-399.29886475599244,85.21086475599999,1.4210854715202004e-14,-2.318283411375038
null-164,TITAN,BUY,106,2024-02-14 13:32:00+05:30,2024-02-14 13:34:00+05:30,stop,2,3542.1202,3536.9413,1.6393657151952539,-3.159087659328694,-1.00000240620321,-548.9633999999878,-173.7731839432838,40.0,93.72894445,25.8881279055,375.190216056704,159.6170723555,534.807288412204,14.243875116021256,4.2511867251598,9.992688390861455,-708.5804723554878,-708.5804723554878,159.6170723555,0.0,-4.0776267158422
null-165,TITAN,BUY,67,2024-02-19 10:42:00+05:30,2024-02-19 10:43:00+05:30,stop,1,3677.788,3671.5286,2.5846956887203305,-2.421716423839013,-1.000018051434594,-419.37979999999425,-173.17773719442854,40.0,61.49810405,16.9879453209,246.2020628055657,118.4860493709,364.6881121764657,14.799945379906475,4.808456871557399,9.991488508349079,-537.8658493708942,-537.8658493708942,118.48604937089999,1.4210854715202004e-14,-3.1059163108085635
null-166,TITAN,SELL,14,2024-02-13 09:32:00+05:30,2024-02-13 09:34:00+05:30,stop,2,3562.0681,3577.445,11.807221035898237,-1.3023301548475164,-0.9999936789434868,-215.27660000000287,-165.30004962501528,29.98595502,12.46723835,3.4483848273,49.976550374987596,45.9015781973,95.8781285722876,19.226015794485793,9.204439850406004,10.021575944079789,-261.1781781973029,-261.1781781973029,45.9015781973,0.0,-1.5800148146825115
null-167,TITAN,SELL,42,2024-02-16 11:05:00+05:30,2024-02-16 11:09:00+05:30,stop,4,3667.6153,3675.3742,4.087403620504574,-1.898246593773497,-1.000000648662943,-325.8738000000112,-171.67106341777708,40.0,38.509960650000004,10.6399917855,154.20273658223414,89.1499524355,243.35268901773412,15.798035424487907,5.787460629065847,10.010574795422059,-415.0237524355112,-415.02375243551126,89.14995243550001,-1.4210854715202004e-14,-2.4175537413433577
null-168,TITAN,BUY,25,2024-02-14 09:50:00+05:30,2024-02-14 09:54:00+05:30,target,4,3524.6615,3531.2618,6.752236147506665,0.9774983954667066,1.499986665277706,165.00750000000153,253.20660455165267,40.0,22.070386250000002,6.08573384625,88.19910455165115,68.15612009625,156.35522464790114,17.744140780372938,7.734770569741237,10.009370210631705,96.85137990375154,96.85137990375152,68.15612009625,0.0,0.5737440325721721
null-169,TITAN,BUY,56,2024-02-19 11:02:00+05:30,2024-02-19 11:04:00+05:30,stop,2,3681.79,3675.0198,3.091743209163269,-2.1897678888513443,-1.0000170336868452,-379.13119999999617,-173.14056888513838,40.0,51.450277199999995,14.213356533599999,205.9906311148578,105.6636337336,311.6542648484578,15.115622372369815,5.124818640894006,9.990803731475811,-484.7948337335962,-484.7948337335962,105.6636337336,0.0,-2.8000548611954543
null-170,TITAN,BUY,39,2024-02-14 10:51:00+05:30,2024-02-14 10:54:00+05:30,stop,3,3541.77,3533.8452,4.38702517870388,-1.8064177152366179,-0.9999927782598828,-309.0671999999913,-171.0927463731779,40.0,34.4549907,9.5202402516,137.9744536268134,83.9752309516,221.9496845784134,16.06828662869879,6.079477351835454,9.988809276863337,-393.0424309515913,-393.0424309515913,83.9752309516,0.0,-2.29723118503238
null-171,TITAN,SELL,52,2024-02-19 12:19:00+05:30,2024-02-19 12:20:00+05:30,stop,1,3701.1485,3708.1808,3.3276843652615753,-2.1132713406992627,-0.999985520455988,-365.67960000001585,-173.0370814592862,40.0,48.11493049999999,13.292336764199998,192.64251854072964,101.40726726419999,294.0497858049296,15.27851036825927,5.269012456757055,10.009497911502214,-467.0868672642158,-467.0868672642158,101.40726726419999,0.0,-2.6993064152510153
null-172,TITAN,BUY,54,2024-02-19 12:53:00+05:30,2024-02-19 12:56:00+05:30,target,3,3704.8015,3705.9356,3.22632559934209,0.35151442874551375,1.49999422279452,61.24139999998715,261.3313670328289,40.0,50.0301306,13.806203217299998,200.08996703284177,103.8363338173,303.9263008501418,15.191812113437607,5.190278266435438,10.00153384700217,-42.59493381731289,-42.594933817312835,103.83633381729999,1.4210854715202004e-14,-0.2444871251840887
null-173,TITAN,SELL,43,2024-02-13 11:17:00+05:30,2024-02-13 11:19:00+05:30,target,2,3598.7997,3596.3625,4.023156214548635,0.605793031646742,1.5000120022365455,104.79959999999346,259.4956521739065,40.0,38.687096775,10.6740231237,154.69605217391305,89.3611198987,244.05717207261304,15.771225577614633,5.774607514387463,9.99661806322717,15.438480101293436,15.438480101293464,89.3611198987,0.0,0.08924197863905048
null-174,TITAN,BUY,48,2024-02-13 10:39:00+05:30,2024-02-13 10:40:00+05:30,stop,1,3586.7925,3579.6167,3.5926019965950218,-1.9973824004999787,-0.9999984138387799,-344.4383999999991,-172.44462231115466,40.0,42.9554004,11.8675736352,171.99377768884443,94.8229740352,266.8167517240444,15.497641214495287,5.507646806257495,9.989994408237793,-439.2613740351991,-439.2613740351991,94.82297403519999,1.4210854715202004e-14,-2.547256454905572
null-175,TITAN,BUY,18,2024-02-15 09:31:00+05:30,2024-02-15 09:34:00+05:30,stop,3,3595.747,3582.487,9.670861572313243,-1.3711291285527116,-1.000002465696329,-238.67999999999574,-174.07593751898014,38.7624636,16.121191500000002,4.457683314,64.60406248101562,59.341338414,123.94540089501561,19.15000027888126,9.168445452363585,9.981554826517677,-298.02133841399575,-298.02133841399575,59.34133841399999,7.105427357601002e-15,-1.712023370327225
null-176,TITAN,SELL,38,2024-02-16 11:42:00+05:30,2024-02-16 11:43:00+05:30,stop,1,3666.4159,3674.6121,4.525679008336283,-1.8110431572593846,-1.0000017948876505,-311.4555999999948,-171.97611099402252,40.0,34.83095105,9.624087708000001,139.47948900597225,84.455038758,223.93452776397226,16.072955303640224,6.061780988750807,10.011174314889418,-395.9106387579948,-395.9106387579948,84.455038758,0.0,-2.3021299126067105
null-177,TITAN,BUY,54,2024-02-19 11:08:00+05:30,2024-02-19 11:09:00+05:30,stop,1,3685.5418,3678.6351,3.2247012349739634,-2.1418108211366644,-0.9999724381223569,-372.96180000000004,-174.12906723226683,40.0,49.66157385,13.719461564699998,198.8327327677332,103.3810354147,302.2137681824332,15.18515205183035,5.194524231934476,9.990627819895874,-476.34283541470006,-476.34283541470006,103.38103541470001,-1.4210854715202004e-14,-2.7354979503587917
null-178,TITAN,SELL,51,2024-02-19 11:15:00+05:30,2024-02-19 11:17:00+05:30,stop,2,3685.1565,3692.203,3.357805530465157,-2.098543211054802,-1.0000046336781263,-359.3714999999961,-171.24887556221498,40.0,46.985745375,12.980464040249998,188.12262443778113,99.96620941525,288.08883385303113,15.328523127267253,5.318964752895016,10.009558374372236,-459.3377094152461,-459.3377094152461,99.96620941525,0.0,-2.6822940374371327
null-179,TITAN,SELL,45,2024-02-16 10:49:00+05:30,2024-02-16 10:50:00+05:30,target,1,3661.1685,3659.0517,3.8513016047090787,0.5496323625789207,1.4999893898635617,95.25600000001077,259.9610194902657,40.0,41.188145625000004,11.3646418605,164.7050194902549,92.5527874855,257.2578069757549,15.614796628499274,5.617683564110444,9.99711306438883,2.703212514510824,2.703212514510767,92.5527874855,0.0,0.015597684984707746
null-180,TITAN,BUY,65,2024-02-16 12:26:00+05:30,2024-02-16 12:27:00+05:30,stop,1,3673.5358,3667.214,2.6514319557040835,-2.3842965256566138,-0.9999976643385237,-410.91700000001083,-172.34267458567948,40.0,59.5922275,16.4616314265,238.57432541433135,116.0538589265,354.62818434083135,14.851681098706521,4.8602874197785555,9.991393678927965,-526.9708589265108,-526.9708589265108,116.0538589265,0.0,-3.057685099571758
null-181,TITAN,BUY,57,2024-02-16 13:13:00+05:30,2024-02-16 13:14:00+05:30,stop,1,3652.1252,3645.4505,3.0258292179532873,-2.205907709660788,-1.0000276580464198,-380.4579000000017,-172.4770356692606,40.0,51.947669625,14.35068261405,207.9808643307411,106.29835223905,314.2792165697911,15.097156215062634,5.106296390427449,9.990859824635185,-486.7562522390517,-486.7562522390517,106.29835223905,0.0,-2.822229133735193
null-182,TITAN,SELL,49,2024-02-15 11:54:00+05:30,2024-02-15 11:55:00+05:30,stop,1,3582.5078,3589.5938,3.4999491229391424,-2.0246008587832414,-1.0000002720178447,-347.21400000001177,-171.4975536744002,40.0,43.88572055,12.124437754799999,175.71644632561157,96.0101583048,271.72660463041154,15.479215176655654,5.4693278987759495,10.009887277879704,-443.22415830481174,-443.2241583048118,96.0101583048,0.0,-2.5844349926482537
null-183,TITAN,SELL,64,2024-02-14 11:57:00+05:30,2024-02-14 11:58:00+05:30,stop,1,3525.9361,3532.1543,2.689099166171218,-2.3123728861415787,-1.0000209386543308,-397.9648000000161,-172.10595022650367,40.0,56.4149776,15.5842636032,225.85884977351245,111.9992412032,337.85809097671245,14.972003240532727,4.963187347042393,10.008815893490333,-509.9640412032161,-509.9640412032161,111.9992412032,0.0,-2.9631440312948683
null-184,TITAN,BUY,94,2024-02-14 13:49:00+05:30,2024-02-14 13:50:00+05:30,stop,1,3535.6169,3530.2406,1.84341604821293,-2.9164875749084795,-0.9999759482564209,-505.3721999999907,-173.2769408192259,40.0,82.9606541,22.9145758725,332.0952591807648,145.8752299725,477.9704891532648,14.381627256620165,4.38923161794938,9.992395638670786,-651.2474299724906,-651.2474299724906,145.8752299725,0.0,-3.758329084397369
null-185,TITAN,SELL,70,2024-02-15 13:41:00+05:30,2024-02-15 13:42:00+05:30,stop,1,3588.9546,3595.0256,2.479002156831484,-2.4489692287156015,-1.0000033735029377,-424.9699999999939,-173.530736382678,40.0,62.80670550000001,17.349312183,251.4392636173159,120.156017683,371.5952813003159,14.791226443978815,4.782770276137155,10.008456167841661,-545.1260176829938,-545.126017682994,120.15601768300002,-1.4210854715202004e-14,-3.141390787768426
null-186,TITAN,SELL,70,2024-02-14 14:11:00+05:30,2024-02-14 14:12:00+05:30,stop,1,3533.7822,3539.8018,2.482823564273076,-2.4244976915073333,-0.9999939812191839,-421.37200000000576,-173.79660344915663,40.0,61.84118850000001,17.08270536,247.57539655084912,118.92389386,366.49929041084914,14.816148399656369,4.807632936258979,10.008515463397389,-540.2958938600058,-540.2958938600058,118.92389385999999,1.4210854715202004e-14,-3.1087641024900976
null-187,TITAN,SELL,39,2024-02-16 10:37:00+05:30,2024-02-16 10:39:00+05:30,target,2,3660.3689,3657.3738,4.4359661546418465,0.6751854941151851,1.500005361071241,116.80890000000363,259.5049475262405,40.0,35.688596775,9.846022802849998,142.6960475262369,85.53461957785,228.23066710408688,15.98764645630193,5.991733165995989,9.995913290305943,31.27428042215365,31.274280422153637,85.53461957785,0.0,0.18077338695876785
null-188,TITAN,BUY,46,2024-02-15 13:53:00+05:30,2024-02-15 13:55:00+05:30,stop,2,3601.1997,3593.8119,3.790340625635963,-1.9491124227813712,-0.9999880015896466,-339.8387999999986,-174.35357678839284,40.0,41.32883685,11.418483409199998,165.48522321160578,92.7473202592,258.2325434708058,15.588557738182411,5.598817784504714,9.989739953677695,-432.58612025919865,-432.58612025919865,92.74732025920001,-1.4210854715202004e-14,-2.481055667922567
null-189,TITAN,SELL,54,2024-02-19 12:06:00+05:30,2024-02-19 12:08:00+05:30,stop,2,3689.4543,3696.3668,3.2195122404255017,-2.1470643637268263,-1.0000242317674684,-373.2749999999951,-173.85787376446353,40.0,49.80763305,13.759784709299998,199.41712623553155,103.5674177593,302.98454399483154,15.20773651754726,5.198370782613409,10.009365734933853,-476.8424177592951,-476.84241775929513,103.56741775930001,-1.4210854715202004e-14,-2.742780422702661
null-190,TITAN,SELL,54,2024-02-19 13:09:00+05:30,2024-02-19 13:11:00+05:30,stop,2,3698.15,3705.0569,3.205328402725172,-2.15481820649881,-0.9999903125680174,-372.9725999999973,-173.0860569715116,40.0,49.925025000000005,13.7921744547,199.88654302848573,103.71719945470001,303.6037424831857,15.202983998665283,5.193647847682601,10.009336150982683,-476.6897994546973,-476.6897994546973,103.7171994547,1.4210854715202004e-14,-2.754035708567481
null-191,TITAN,SELL,44,2024-02-19 11:41:00+05:30,2024-02-19 11:43:00+05:30,stop,2,3688.3049,3695.8956,3.898596119740887,-1.9470342058679944,-1.000001181171092,-333.99079999998867,-171.53843188459663,40.0,40.571353900000005,11.209216359,162.45236811539203,91.780570259,254.23293837439203,15.665790880495612,5.655503294591803,10.010287585903807,-425.77137025898867,-425.77137025898867,91.780570259,0.0,-2.4820786134635027
null-192,TITAN,BUY,65,2024-02-13 13:22:00+05:30,2024-02-13 13:24:00+05:30,stop,2,3599.799,3593.5343,2.668060611457804,-2.348035113256741,-0.9999900322919911,-407.2055000000114,-173.42221110556414,40.0,58.394932374999996,16.13104992525,233.78328889444725,114.52598230024999,348.30927119469726,14.885842715735272,4.894546026693755,9.991296689041517,-521.7314823002614,-521.7314823002614,114.52598230024999,0.0,-3.0084167333998866
null-193,TITAN,SELL,66,2024-02-13 12:14:00+05:30,2024-02-13 12:15:00+05:30,target,1,3591.1036,3590.7509,2.629025557758723,0.13415617012890302,1.5000341949010814,23.278199999994285,260.2794635698602,40.0,59.2532094,16.3530826965,237.0012635698659,115.6062920965,352.6075556663659,14.877150083382904,4.8776384126333925,9.999511670749513,-92.32809209650571,-92.32809209650573,115.60629209650001,-1.4210854715202004e-14,-0.5321022772799825
null-194,TITAN,SELL,63,2024-02-13 13:17:00+05:30,2024-02-13 13:21:00+05:30,stop,4,3593.9021,3600.2298,2.730582348259304,-2.3173445049309973,-1.0000191843324886,-398.64510000001746,-172.0299881575145,40.0,56.603958074999994,15.636445684649999,226.61511184250296,112.24040375965,338.85551560215293,14.966069826476218,4.957268342035903,10.008801484440315,-510.8855037596675,-510.8855037596675,112.24040375965,0.0,-2.9698037547340177
null-195,TITAN,BUY,49,2024-02-14 11:22:00+05:30,2024-02-14 11:23:00+05:30,stop,1,3527.3128,3520.246,3.5430384879109624,-1.9945591966083231,-0.9999952012501158,-346.2732000000028,-173.608052802016,40.0,43.1230135,11.9138981514,172.6651471979868,95.0369116514,267.70205884938684,15.488581912715182,5.498601681178503,9.989980231536679,-441.31011165140285,-441.31011165140285,95.0369116514,0.0,-2.5419788240919146
null-196,TITAN,BUY,25,2024-02-14 09:55:00+05:30,2024-02-14 09:56:00+05:30,stop,1,3535.667,3525.2747,6.86176168212296,-1.5145235992493262,-1.0000100824449956,-259.80749999999944,-171.54577163644234,40.0,22.032966875,6.090062216249999,88.2617283635571,68.12302909125,156.3847574548071,17.69224957608362,7.706950806311794,9.985298769771825,-327.93052909124947,-327.93052909124947,68.12302909125,0.0,-1.9116404461881051
null-197,TITAN,BUY,43,2024-02-13 11:02:00+05:30,2024-02-13 11:03:00+05:30,target,1,3585.9921,3588.4744,4.046360697282125,0.6134648356157284,1.4999984483490616,106.73890000000529,260.989994997504,40.0,38.5760998,10.64332105275,154.25109499749874,89.21942085275,243.47051585024874,15.789507789973175,5.786042452211579,10.003465337761597,17.519479147255282,17.519479147255282,89.21942085275,0.0,0.10069041741242986
null-198,TITAN,BUY,62,2024-02-13 14:14:00+05:30,2024-02-13 14:15:00+05:30,stop,1,3591.745,3585.3443,2.812083769831588,-2.276141297306736,-1.000025704499947,-396.84339999998065,-174.35367528839944,40.0,55.572836650000006,15.351794012700001,222.4897247115812,110.92463066270001,333.41435537428123,14.972251351734515,4.981163602016793,9.99108774971772,-507.76803066268064,-507.76803066268064,110.92463066270001,0.0,-2.9123623677337127
