finalist,trade_id,symbol,exit_reason,net_pnl,entry_hour_ist,hold_minutes,range_atr,volume_ratio,signed_move5_atr,signed_vwap_gap_atr
1,106_ADANIENT_exit,ADANIENT,TARGET_HIT,39.698453994869155,10,12.0,1.3333333333333113,3.89720654006892,5.478787878787766,5.193056511407532
1,118_ADANIENT_exit,ADANIENT,TARGET_HIT,38.623934969004466,11,11.0,1.9305019305019102,2.9912759067779495,2.254826254826217,5.76714458981626
1,90_ADANIENT_exit,ADANIENT,TIME_EXIT,-4.635160899999818,9,60.0,1.0381184103811898,0.43477301642165334,0.519059205190558,1.6634416000411119
2,88_ADANIENT_exit,ADANIENT,TIME_EXIT,-2.8197695000003637,9,60.0,0.4874213836478514,0.2671792074664727,0.990566037735797,1.202305371547479
2,321_ADANIPORTS_exit,ADANIPORTS,TIME_EXIT,-7.538223625,13,60.0,2.475247524752442,2.495503199363076,2.8712871287126975,-1.0204749571544467
2,eod_flatten_ADANIPORTS_1125,ADANIPORTS,EOD_FLATTENING,-7.041962124999886,14,51.0,2.616033755274205,3.370769654068386,1.9409282700421706,0.30705573132288055
2,62_ADANIPORTS_exit,ADANIPORTS,TIME_EXIT,14.176318250000111,9,60.0,1.3121272365804941,0.4676868496995049,3.180914512922454,-0.84361031965171
2,123_ADANIPORTS_exit,ADANIPORTS,TIME_EXIT,-13.323001250000454,10,60.0,0.4562737642584789,0.23866029347862422,-0.9125475285169578,0.3286983267628495
1,91_ASIANPAINT_exit,ASIANPAINT,TIME_EXIT,8.0702315,9,60.0,0.5882352941176211,0.21204207431495598,0.967982129560687,1.3237543598385455
1,106_ASIANPAINT_exit,ASIANPAINT,STOP_HIT,-13.301040732673316,10,10.0,0.4232804232803605,0.5336062278425496,0.8818342151675512,6.213619711617992
1,167_ASIANPAINT_exit,ASIANPAINT,TIME_EXIT,-5.93330275,11,60.0,2.1290322580644867,6.125093446299526,-1.5645161290322287,1.3010394532093708
1,359_ASIANPAINT_exit,ASIANPAINT,TIME_EXIT,4.884646250000182,14,60.0,0.7364975450081789,0.5536885245901639,1.6366612111292864,6.458089181070825
1,eod_flatten_ASIANPAINT_375,ASIANPAINT,EOD_FLATTENING,-3.510581799999909,15,14.0,0.47846889952152555,0.9432224425121376,-0.5422647527910043,14.65174623425426
1,3_ASIANPAINT_exit,ASIANPAINT,STOP_HIT,-13.76373594846099,9,2.0,4.6826758147513035,1.75760782726886,2.435677530017114,-0.0
1,108_ASIANPAINT_exit,ASIANPAINT,TIME_EXIT,-10.658608225000002,10,60.0,1.1524822695035442,1.3772019946375322,1.0460992907800757,2.6022244110579553
1,120_ASIANPAINT_exit,ASIANPAINT,STOP_HIT,-13.60000749520122,11,10.0,0.30898876404503495,0.634080348214811,-0.4494382022472771,0.47200319004713936
1,eod_flatten_ASIANPAINT_1125,ASIANPAINT,EOD_FLATTENING,1.9045271749999093,15,17.0,0.7845934379457927,1.4112912093954124,-0.556348074179692,-2.4359428252886834
1,2_ASIANPAINT_exit,ASIANPAINT,STOP_HIT,-13.401933162549062,9,1.0,4.32369942196523,2.2490151605586726,1.8497109826589402,-0.0
2,91_ASIANPAINT_exit,ASIANPAINT,TIME_EXIT,8.0702315,9,60.0,0.5882352941176211,0.21204207431495598,0.967982129560687,1.3237543598385455
2,341_ASIANPAINT_exit,ASIANPAINT,TIME_EXIT,19.024215925000274,13,60.0,1.4237288135593777,0.4859242940964647,1.4011299435027982,1.3708176624620643
2,eod_flatten_ASIANPAINT_375,ASIANPAINT,EOD_FLATTENING,-0.7122184000001814,14,32.0,0.172166427546731,1.0787952826199314,0.2582496413200965,12.57347531611617
2,4_ASIANPAINT_exit,ASIANPAINT,STOP_HIT,-19.85620972281353,9,3.0,4.6826758147513035,1.75760782726886,2.435677530017114,-0.0
2,13_ASIANPAINT_exit,ASIANPAINT,STOP_HIT,-19.42846804351285,9,12.0,4.32369942196523,2.2490151605586726,1.8497109826589402,-0.0
1,3_AXISBANK_exit,AXISBANK,STOP_HIT,-15.102812837458178,9,2.0,4.875283446712016,2.1220107488888855,0.9297052154194801,-0.0
1,156_AXISBANK_exit,AXISBANK,TIME_EXIT,1.3216288999999999,10,60.0,1.7582417582418117,1.7656489928642398,2.967032967033065,6.224444460187772
1,228_AXISBANK_exit,AXISBANK,TIME_EXIT,-0.4936771999997269,12,60.0,1.0399999999999447,2.66948458592964,3.9999999999999276,13.131459941809352
1,291_AXISBANK_exit,AXISBANK,TIME_EXIT,-3.295165199999909,13,60.0,0.3208556149732204,0.24226854520874003,-0.21390374331556133,14.852573019446105
2,eod_flatten_AXISBANK_750,AXISBANK,EOD_FLATTENING,-3.6423646000000005,15,10.0,2.116991643454015,2.3706772803919876,4.289693593314728,11.836550726359913
2,3_AXISBANK_exit,AXISBANK,STOP_HIT,-22.79637045605941,9,2.0,4.875283446712016,2.1220107488888855,0.9297052154194801,-0.0
2,66_AXISBANK_exit,AXISBANK,TIME_EXIT,-4.850853200000272,9,60.0,0.719738276990175,0.46914933071780857,-1.6575790621591941,-0.9264051691133984
2,91_AXISBANK_exit,AXISBANK,STOP_HIT,-29.456602769800313,10,24.0,0.2952029520294256,1.3072930132654481,1.6974169741697425,0.3137036517087174
2,111_BAJAJ-AUTO_exit,BAJAJ-AUTO,STOP_HIT,-30.149207509415092,10,37.0,0.7111111111111111,0.5789250399765036,0.26666666666666666,2.4563501988036376
1,12_BAJAJFINSV_exit,BAJAJFINSV,TARGET_HIT,26.922700155774123,9,6.0,2.8218966846569224,5.564072791046143,5.2120277563608495,2.4667713852289657
1,14_BAJAJFINSV_exit,BAJAJFINSV,STOP_HIT,-12.750976584975202,9,1.0,1.1624286455630335,2.9289148814606056,1.4426569797612978,2.578068868015168
1,110_BAJAJFINSV_exit,BAJAJFINSV,TARGET_HIT,25.884012812000357,10,12.0,0.6569343065694019,0.34791731989098185,1.0948905109488924,3.1505622789311887
1,112_BAJAJFINSV_exit,BAJAJFINSV,STOP_HIT,-13.578062101683189,11,1.0,2.1470245040839533,2.4142528425853897,3.8973162193699253,7.1807435028612066
1,173_BAJAJFINSV_exit,BAJAJFINSV,TIME_EXIT,19.461546400000092,11,60.0,1.0348468848996943,0.6501493400474644,-1.3727560718056915,4.024817268539488
1,234_BAJAJFINSV_exit,BAJAJFINSV,TIME_EXIT,21.040577,12,60.0,1.0556348074179307,1.4476784496721722,1.7974322396575682,9.750879103002482
2,149_BAJAJFINSV_exit,BAJAJFINSV,TIME_EXIT,18.779692249999815,10,60.0,0.8598130841122029,2.0662574387329555,2.953271028037367,2.5225689151283035
2,212_BAJAJFINSV_exit,BAJAJFINSV,TIME_EXIT,33.082044749999994,11,60.0,1.2911725955204363,1.649945216662728,0.7114624505928323,5.43220719899583
2,273_BAJAJFINSV_exit,BAJAJFINSV,TIME_EXIT,4.441549200000091,12,60.0,1.1477761836441998,0.5805137658321936,-0.6312769010042577,10.36890373142308
2,348_BAJAJFINSV_exit,BAJAJFINSV,STOP_HIT,-20.23767297210499,14,33.0,2.637362637362624,3.3891500833506982,4.219780219780258,15.667673347640282
2,eod_flatten_BAJAJFINSV_1500,BAJAJFINSV,EOD_FLATTENING,-3.49380975,15,2.0,0.8089500860585553,0.44164087241237404,1.4113597246126854,-7.247814339454138
1,298_BAJFINANCE_exit,BAJFINANCE,TIME_EXIT,8.85804875,13,60.0,1.2903225806451613,1.8461719427739631,3.225806451612903,9.629427008830751
1,eod_flatten_BAJFINANCE_375,BAJFINANCE,EOD_FLATTENING,6.34113,14,35.0,1.4285714285714286,3.633572159672467,2.142857142857143,11.509058674928383
1,319_BAJFINANCE_exit,BAJFINANCE,STOP_HIT,-16.66213160680835,14,3.0,2.2222222222222223,1.5777815641506219,7.777777777777778,-7.545899428883634
1,71_BAJFINANCE_exit,BAJFINANCE,STOP_HIT,-19.54264213647181,9,28.0,0.425531914893617,0.45580942479227005,-0.425531914893617,0.310161761694678
1,205_BAJFINANCE_exit,BAJFINANCE,TARGET_HIT,32.87375282452971,12,33.0,4.0,1.517454286392781,6.0,9.915842606984825
1,267_BAJFINANCE_exit,BAJFINANCE,TIME_EXIT,13.78160625,12,60.0,2.5,3.6654702963388837,4.0,10.08561359018654
1,365_BAJFINANCE_exit,BAJFINANCE,TIME_EXIT,3.748393750000001,14,60.0,1.6666666666666667,2.037698047162859,5.0,21.23432908205852
1,eod_flatten_BAJFINANCE_1500,BAJFINANCE,EOD_FLATTENING,-13.74827,15,7.0,0.6060606060606061,0.6137057713629909,0.0,12.84374276301192
2,207_BAJFINANCE_exit,BAJFINANCE,TARGET_HIT,45.061556288706846,12,35.0,4.0,1.517454286392781,6.0,9.915842606984825
2,268_BAJFINANCE_exit,BAJFINANCE,TIME_EXIT,11.283067500000001,12,60.0,1.4285714285714286,1.409174103659142,3.8095238095238093,9.440826883230892
1,201_BEL_exit,BEL,TIME_EXIT,4.5317775750000004,11,60.0,0.6779661016948728,0.4230079570185632,1.0169491525424055,2.610789175752347
1,225_BEL_exit,BEL,STOP_HIT,-18.153985353324014,12,23.0,0.51282051282061,0.28234244517479123,0.51282051282061,6.11302418678546
1,31_BEL_exit,BEL,STOP_HIT,-14.934778661992922,9,22.0,1.2727272727272587,5.556323778472702,4.727272727272793,1.6397812568695085
2,32_BEL_exit,BEL,STOP_HIT,-23.019258547908542,9,23.0,1.2727272727272587,5.556323778472702,4.727272727272793,1.6397812568695085
1,20_CIPLA_exit,CIPLA,STOP_HIT,-14.531837955021723,9,3.0,0.7314524555903845,1.470686043031492,1.4211076280042136,2.3176692179951086
1,113_CIPLA_exit,CIPLA,STOP_HIT,-19.93114335736536,10,30.0,0.6785137318254947,0.379083306197333,2.1001615508885267,4.579954311872153
1,129_CIPLA_exit,CIPLA,STOP_HIT,-14.955224658587804,11,15.0,1.0819672131148137,0.9811117354954871,-1.5081967213114458,0.429033019248384
2,282_CIPLA_exit,CIPLA,TIME_EXIT,-17.490815199999815,12,60.0,0.9846153846153011,1.6792826365436124,1.907692307692478,-3.7569046409261175
1,56_COALINDIA_exit,COALINDIA,STOP_HIT,-20.731992465023964,9,31.0,0.40322580645161366,0.34683156343482713,0.08064516129034106,2.828478953183517
1,79_COALINDIA_exit,COALINDIA,STOP_HIT,-21.13188507071566,10,21.0,1.2941176470588676,3.253546917970976,-1.8823529411765225,0.7388753246902409
1,131_COALINDIA_exit,COALINDIA,STOP_HIT,-20.847150490885454,11,9.0,1.348314606741355,1.4396209382456528,2.0224719101122877,5.059606495740941
1,106_COALINDIA_exit,COALINDIA,TIME_EXIT,5.489078850000205,10,60.0,0.5633802816902717,0.37403118211848174,0.5633802816902717,3.9315773274749293
1,167_COALINDIA_exit,COALINDIA,TIME_EXIT,21.83482724999983,11,60.0,1.2727272727273422,0.43100183733292197,1.090909090909121,3.521271363890889
1,193_COALINDIA_exit,COALINDIA,STOP_HIT,-17.577513659624135,12,22.0,0.21052631578951397,0.6115878465084249,-0.21052631578951397,7.752729561063517
1,199_COALINDIA_exit,COALINDIA,STOP_HIT,-17.79802010973979,12,5.0,1.2195121951219614,0.49534972607975536,-1.2195121951219614,4.227571096545824
1,227_COALINDIA_exit,COALINDIA,STOP_HIT,-18.194902460341986,12,27.0,0.46511627906987196,0.676828308930453,-2.790697674418703,0.006076154510654204
1,363_COALINDIA_exit,COALINDIA,STOP_HIT,-17.88662922067114,14,59.0,0.6936416184971471,0.50313357328031,0.46242774566485234,-3.544686696174957
1,41_COALINDIA_exit,COALINDIA,STOP_HIT,-20.41637762817978,9,26.0,0.8733624454148566,0.8097477004889841,-0.6113537117904394,0.8222862547804602
2,72_COALINDIA_exit,COALINDIA,STOP_HIT,-30.55735451931556,9,47.0,0.40322580645161366,0.34683156343482713,0.08064516129034106,2.828478953183517
2,134_COALINDIA_exit,COALINDIA,TIME_EXIT,3.800848824999785,10,60.0,0.5617977528089902,0.5455625870197917,-1.1235955056179805,-0.40000106705111355
2,195_COALINDIA_exit,COALINDIA,TIME_EXIT,-4.244769099999999,11,60.0,0.8633093525180128,0.9393925040768132,0.2877697841727254,0.9349469281926325
2,256_COALINDIA_exit,COALINDIA,TIME_EXIT,5.709341825000217,12,60.0,1.0000000000004263,1.7413533834586465,-0.5000000000002132,2.080656099955563
2,319_COALINDIA_exit,COALINDIA,TIME_EXIT,-10.784989350000409,13,60.0,0.42553191489373543,1.5968384468098622,-0.8510638297874709,2.8901572842191197
2,361_COALINDIA_exit,COALINDIA,TIME_EXIT,2.6129671499996148,14,60.0,1.6326530612243666,0.7797813934341082,-0.20408163265310383,-4.316348083070541
2,259_COALINDIA_exit,COALINDIA,TIME_EXIT,13.671096800000365,12,60.0,1.1494252873563309,1.4253257550180107,3.9080459770116294,-0.00603137549759777
2,364_COALINDIA_exit,COALINDIA,TIME_EXIT,-11.95747837500017,14,60.0,0.6936416184971471,0.50313357328031,0.46242774566485234,-3.544686696174957
1,125_DRREDDY_exit,DRREDDY,TIME_EXIT,8.751123999999272,10,60.0,0.8149405772494507,0.29694661416306245,-1.2224108658743305,4.173565440647402
1,187_DRREDDY_exit,DRREDDY,TIME_EXIT,11.564559000000363,11,60.0,0.41450777202080596,0.40996483878207524,-0.3108808290157223,14.976435197109291
1,248_DRREDDY_exit,DRREDDY,TIME_EXIT,0.7752828000001826,12,60.0,0.6309148264984444,0.35557750478424593,0.2523659305994352,12.213572264276738
1,309_DRREDDY_exit,DRREDDY,TIME_EXIT,-5.717336850000272,13,60.0,1.6143497757848375,1.0870941485032106,1.6143497757848375,16.57715648606113
1,371_DRREDDY_exit,DRREDDY,TIME_EXIT,8.779061600000182,14,60.0,0.0,0.4871423397319812,-0.0,15.898408351708548
1,eod_flatten_DRREDDY_375,DRREDDY,EOD_FLATTENING,-4.412487799999636,15,0.0,3.6734693877556226,1.1725527699979508,0.10204081632645484,17.00503706941549
1,4_DRREDDY_exit,DRREDDY,STOP_HIT,-14.994607213444867,9,3.0,8.277945619336055,2.233555734097181,3.5045317220545624,-0.0
2,125_DRREDDY_exit,DRREDDY,TIME_EXIT,8.751123999999272,10,60.0,0.8149405772494507,0.29694661416306245,-1.2224108658743305,4.173565440647402
2,187_DRREDDY_exit,DRREDDY,TIME_EXIT,11.564559000000363,11,60.0,0.41450777202080596,0.40996483878207524,-0.3108808290157223,14.976435197109291
2,248_DRREDDY_exit,DRREDDY,TIME_EXIT,0.7752828000001826,12,60.0,0.6309148264984444,0.35557750478424593,0.2523659305994352,12.213572264276738
2,309_DRREDDY_exit,DRREDDY,TIME_EXIT,-7.623115800000364,13,60.0,1.6143497757848375,1.0870941485032106,1.6143497757848375,16.57715648606113
2,371_DRREDDY_exit,DRREDDY,TIME_EXIT,8.779061600000182,14,60.0,0.0,0.4871423397319812,-0.0,15.898408351708548
2,eod_flatten_DRREDDY_375,DRREDDY,EOD_FLATTENING,-4.412487799999636,15,0.0,3.6734693877556226,1.1725527699979508,0.10204081632645484,17.00503706941549
2,4_DRREDDY_exit,DRREDDY,STOP_HIT,-23.404795165177788,9,3.0,8.277945619336055,2.233555734097181,3.5045317220545624,-0.0
2,eod_flatten_DRREDDY_1500,DRREDDY,EOD_FLATTENING,-12.9877945,15,24.0,2.9906542056074215,2.293444492508553,4.39252336448598,-3.838999776530662
2,125_EICHERMOT_exit,EICHERMOT,TIME_EXIT,-7.349393450000273,10,60.0,0.7518072289156835,0.5812781233863631,0.5012048192771807,0.8866747451352005
1,95_ETERNAL_exit,ETERNAL,STOP_HIT,-22.24432565947601,10,2.0,1.8556701030927918,4.50015704678322,2.886597938144278,7.170833024876977
1,7_ETERNAL_exit,ETERNAL,STOP_HIT,-22.583091985070833,9,2.0,1.0884353741496353,0.4798470277381403,7.619047619047603,0.7152877916165421
1,14_ETERNAL_exit,ETERNAL,STOP_HIT,-21.36095052866628,9,6.0,0.9032258064515999,0.8644235085435416,0.12903225806450902,-0.273520044076005
1,54_ETERNAL_exit,ETERNAL,TARGET_HIT,41.89841891987514,9,39.0,1.0404624277456775,0.6235485947243836,-0.4624277456647492,-0.8578699894557462
1,115_ETERNAL_exit,ETERNAL,TIME_EXIT,2.7857412500002843,10,60.0,1.3636363636363489,2.2109319620955468,1.590909090909063,2.0369335106116284
1,152_ETERNAL_exit,ETERNAL,TARGET_HIT,42.12292065311672,11,36.0,0.6451612903225422,0.6398645946471615,-0.3225806451612711,3.005278932808191
1,182_ETERNAL_exit,ETERNAL,STOP_HIT,-24.309983520622385,11,29.0,1.9230769230769587,3.121431769923009,1.9230769230769587,9.778881166558888
1,220_ETERNAL_exit,ETERNAL,TARGET_HIT,55.58133144520467,12,36.0,1.1594202898550785,2.16575448203952,-1.1594202898550785,4.113091416730187
1,238_ETERNAL_exit,ETERNAL,STOP_HIT,-29.55898181823033,12,17.0,3.4375000000000253,10.063647899100951,5.312500000000031,11.786275012402983
1,254_ETERNAL_exit,ETERNAL,TARGET_HIT,38.50960952015595,13,8.0,0.2985074626865507,0.4067951359501752,-0.8955223880596521,5.066350718960059
1,260_ETERNAL_exit,ETERNAL,STOP_HIT,-20.332313406879646,13,5.0,1.8181818181817713,3.931919569104705,4.155844155844101,9.063679540920699
1,294_ETERNAL_exit,ETERNAL,STOP_HIT,-21.71746551161949,13,32.0,0.54054054054058,0.4010817879419976,-0.8108108108108316,7.441199141724801
1,329_ETERNAL_exit,ETERNAL,STOP_HIT,-19.01071770646799,14,37.0,1.1214953271027792,1.003624806254414,1.4953271028037411,-3.603887934996745
1,eod_flatten_ETERNAL_1125,ETERNAL,EOD_FLATTENING,2.214579150000239,14,43.0,0.8823529411764374,2.2880689065165347,-2.941176470588292,-5.784809338461274
1,5_ETERNAL_exit,ETERNAL,TARGET_HIT,36.20700620249056,9,4.0,3.6170212765958007,2.389265424413705,0.42553191489359515,-0.0
1,8_ETERNAL_exit,ETERNAL,STOP_HIT,-19.87810829364843,9,1.0,0.6557377049180443,0.45896706216325395,0.8196721311475437,0.9024044258850746
1,25_ETERNAL_exit,ETERNAL,STOP_HIT,-20.160051389579724,9,15.0,1.0294117647058683,0.4091672477163757,-0.44117647058821136,0.19230073127490924
1,27_ETERNAL_exit,ETERNAL,STOP_HIT,-19.548090412215274,9,1.0,1.3186813186813193,1.0681547011487273,-2.6373626373627013,-1.5152750317486428
2,153_ETERNAL_exit,ETERNAL,TIME_EXIT,25.749920400000438,10,60.0,1.8556701030927918,4.50015704678322,2.886597938144278,7.170833024876977
2,329_ETERNAL_exit,ETERNAL,TARGET_HIT,51.07949100192875,14,7.0,3.125000000000094,7.536820288862776,5.625000000000205,17.903374157020487
2,eod_flatten_ETERNAL_375,ETERNAL,EOD_FLATTENING,9.133292249999872,14,44.0,1.6091954022988972,2.2737130905388394,2.528735632183972,9.329795513095917
2,120_ETERNAL_exit,ETERNAL,TIME_EXIT,0.28949999999971565,10,60.0,0.2325581395348722,0.42922362566248784,-0.0,2.023135939415716
2,161_ETERNAL_exit,ETERNAL,TARGET_HIT,58.26533959511672,11,40.0,0.9677419354838223,0.5019239908629597,0.32258064516127405,3.275107174355301
2,179_ETERNAL_exit,ETERNAL,STOP_HIT,-30.295085446849733,11,16.0,1.8181818181819045,3.275349640892645,2.7272727272727706,9.181924950783152
2,220_ETERNAL_exit,ETERNAL,TARGET_HIT,54.11060771737924,12,38.0,1.5999999999999666,1.9072840905347543,-1.3333333333333182,3.844408237647896
2,238_ETERNAL_exit,ETERNAL,STOP_HIT,-30.221524188684704,12,17.0,3.4375000000000253,10.063647899100951,5.312500000000031,11.786275012402983
2,306_ETERNAL_exit,ETERNAL,TIME_EXIT,9.100161399999875,13,60.0,0.2985074626865507,0.4067951359501752,-0.8955223880596521,5.066350718960059
2,249_ETERNAL_exit,ETERNAL,TARGET_HIT,46.672942228833364,12,30.0,2.068965517241403,3.8223116714401586,2.4137931034482705,1.5953577406039827
2,264_ETERNAL_exit,ETERNAL,TARGET_HIT,40.89584409561336,13,14.0,1.5841584158415987,1.7440361392664072,1.9801980198019702,4.551340361024054
2,283_ETERNAL_exit,ETERNAL,STOP_HIT,-26.67567324032672,13,18.0,1.599999999999975,2.2374816949782446,3.600000000000043,8.033769705063367
2,321_ETERNAL_exit,ETERNAL,STOP_HIT,-31.687063778334018,13,37.0,1.3157894736842042,1.3150451876407732,-2.1052631578947194,2.746842978971523
2,27_ETERNAL_exit,ETERNAL,STOP_HIT,-24.657412373453905,9,13.0,0.31249999999998335,0.35849164538694495,-0.0,-0.11645319438549115
1,169_HCLTECH_exit,HCLTECH,STOP_HIT,-14.99427758190473,11,7.0,0.7210031347962932,0.584029784685881,1.8181818181818699,8.61562357779624
1,328_HCLTECH_exit,HCLTECH,TIME_EXIT,-1.920246,13,60.0,0.47477744807118577,0.30708572809909435,0.5044510385757446,2.4547786374737592
1,eod_flatten_HCLTECH_1500,HCLTECH,EOD_FLATTENING,6.78721319999959,14,44.0,1.504065040650509,1.133432264053501,0.6504065040651849,3.713337596326046
2,222_HCLTECH_exit,HCLTECH,TIME_EXIT,-6.3959733000000005,11,60.0,0.7210031347962932,0.584029784685881,1.8181818181818699,8.61562357779624
2,283_HCLTECH_exit,HCLTECH,TIME_EXIT,-11.500436249999455,12,60.0,0.583090379008751,0.32225384726711376,-0.6413994169098383,8.342566085278774
2,329_HCLTECH_exit,HCLTECH,TIME_EXIT,0.9312587250001367,13,60.0,0.24169184290021867,0.3064113800310119,0.5438066465255951,2.433686401915936
2,eod_flatten_HCLTECH_1500,HCLTECH,EOD_FLATTENING,6.78721319999959,14,44.0,1.504065040650509,1.133432264053501,0.6504065040651849,3.713337596326046
1,342_HDFCBANK_exit,HDFCBANK,STOP_HIT,-16.412320925987306,14,46.0,1.0416666666666394,34.64644699907986,2.291666666666654,10.838408112635706
2,183_HDFCBANK_exit,HDFCBANK,TIME_EXIT,-4.8916531999999995,11,60.0,0.695652173912997,0.26225280257854144,1.0434782608695943,-4.823856868496548
2,246_HDFCBANK_exit,HDFCBANK,TIME_EXIT,-18.19417214999984,12,60.0,0.7874015748031539,0.24326643335205833,-0.31496062992115414,-3.1692837000590277
2,186_HDFCLIFE_exit,HDFCLIFE,TIME_EXIT,7.127797600000159,11,60.0,1.1560693641618376,0.10588714891451392,0.40462427745666946,-4.706090516682095
2,247_HDFCLIFE_exit,HDFCLIFE,TIME_EXIT,-13.68798419999959,12,60.0,0.16806722689059575,0.8496987716141148,1.0084033613443386,-6.512234752528708
2,308_HDFCLIFE_exit,HDFCLIFE,TIME_EXIT,10.97908542499984,13,60.0,1.7391304347825742,0.06362547375449208,1.3913043478259803,-8.864330595615113
2,372_HDFCLIFE_exit,HDFCLIFE,TIME_EXIT,-1.6138715249998405,14,60.0,0.9424083769632237,0.5801494954898726,-1.2565445026178697,-1.4147021149668162
2,eod_flatten_HDFCLIFE_1500,HDFCLIFE,EOD_FLATTENING,-5.814633125,15,1.0,0.878048780487874,0.2832418655320548,-0.6829268292683218,-0.6115292045262364
1,304_HINDALCO_exit,HINDALCO,TIME_EXIT,1.7253462000002728,13,60.0,4.599999999999857,3.556190272473907,4.7999999999999,1.3945263269276735
1,365_HINDALCO_exit,HINDALCO,TIME_EXIT,-13.3554188250001,14,60.0,0.8474576271186555,0.6125142040247792,-0.16949152542357693,2.4759122516638414
1,eod_flatten_HINDUNILVR_1125,HINDUNILVR,EOD_FLATTENING,-1.7097977000000908,15,2.0,0.8595988538681963,0.6649407574823643,1.7191977077363927,0.2291219937790224
1,61_HINDUNILVR_exit,HINDUNILVR,TIME_EXIT,4.997314150000181,9,60.0,4.163052905463967,0.710887042644273,2.4111014744144845,-0.0
1,97_HINDUNILVR_exit,HINDUNILVR,STOP_HIT,-20.982165897940362,10,30.0,0.47970479704802316,0.29691631790451206,0.7380073800737785,3.0727876737012596
2,eod_flatten_HINDUNILVR_1125,HINDUNILVR,EOD_FLATTENING,-1.7097977000000908,15,2.0,0.8595988538681963,0.6649407574823643,1.7191977077363927,0.2291219937790224
2,61_HINDUNILVR_exit,HINDUNILVR,TIME_EXIT,4.997314150000181,9,60.0,4.163052905463967,0.710887042644273,2.4111014744144845,-0.0
2,127_HINDUNILVR_exit,HINDUNILVR,TIME_EXIT,-7.748909474999818,10,60.0,0.47970479704802316,0.29691631790451206,0.7380073800737785,3.0727876737012596
2,189_HINDUNILVR_exit,HINDUNILVR,TIME_EXIT,1.1987081499999999,11,60.0,1.1428571428571923,0.31508467900748327,-0.698412698412889,-1.5332722668117043
2,250_HINDUNILVR_exit,HINDUNILVR,TIME_EXIT,-9.95143742500009,12,60.0,1.75531914893642,0.5701208495603646,2.2872340425534876,2.71628727315325
2,312_HINDUNILVR_exit,HINDUNILVR,TIME_EXIT,-0.35511872500018193,13,60.0,1.2840466926071519,1.4258312020460358,-0.8949416342413697,-1.8697471829065104
1,5_INDIGO_exit,INDIGO,TARGET_HIT,19.148984267934235,9,4.0,3.57734806629831,0.5428770492968762,2.6657458563536296,-0.0
1,193_INDIGO_exit,INDIGO,TIME_EXIT,13.978045199999638,11,60.0,1.2033511043411795,0.6784556736695384,1.462300076161556,-0.9023684194812887
1,254_INDIGO_exit,INDIGO,TIME_EXIT,25.598835,12,60.0,1.0896309314588168,0.2707614028711612,0.6326889279438188,4.33303095680313
1,315_INDIGO_exit,INDIGO,TIME_EXIT,-2.141798274999818,13,60.0,0.6981981981980596,0.4299515063576311,-0.6306306306306574,8.145592780090611
1,374_INDIGO_exit,INDIGO,STOP_HIT,-9.926463386227528,14,54.0,1.0849056603774536,0.33652905497945607,-0.0,14.764530331453509
1,45_INDIGO_exit,INDIGO,STOP_HIT,-10.336070421123644,9,18.0,0.39428289797929555,0.2374607024879115,0.709709216362714,2.2835086666792668
2,61_INDIGO_exit,INDIGO,TIME_EXIT,0.838849375000182,9,60.0,3.57734806629831,0.5428770492968762,2.6657458563536296,-0.0
2,307_INDIGO_exit,INDIGO,TIME_EXIT,-1.941731375,13,60.0,1.0327022375215162,0.3345055681152139,0.17211703958691937,6.310056807175787
2,368_INDIGO_exit,INDIGO,TIME_EXIT,-0.8411336750000911,14,60.0,0.739599383667093,0.3379729464810821,-0.7087827426811276,9.953428214530852
1,140_INFY_exit,INFY,TIME_EXIT,-10.14839805000041,10,60.0,1.9534883720931915,2.732471933912307,2.1395348837211445,4.418507743960309
1,93_INFY_exit,INFY,STOP_HIT,-17.66884109744995,10,31.0,1.516587677725088,1.268553176007745,5.497630331753713,3.9809953704497403
1,368_INFY_exit,INFY,STOP_HIT,-17.75686313638805,14,41.0,1.4285714285713667,3.663918863380851,3.809523809523644,1.5393852008723141
2,122_INFY_exit,INFY,TIME_EXIT,8.443762950000409,10,60.0,1.516587677725088,1.268553176007745,5.497630331753713,3.9809953704497403
2,185_INFY_exit,INFY,TIME_EXIT,-10.460629200000135,11,60.0,1.5322580645162052,2.2416405370149812,0.08064516129043274,5.825848626272827
2,352_INFY_exit,INFY,TIME_EXIT,36.01357004999986,14,60.0,1.3636363636364224,2.567513378227022,0.7954545454546013,5.759344285040314
2,eod_flatten_INFY_750,INFY,EOD_FLATTENING,7.5956574999998185,15,20.0,0.9665427509293392,1.0917624254606966,1.189591078066853,10.869429030367568
2,62_INFY_exit,INFY,TIME_EXIT,-4.2315823499997265,9,60.0,1.8831168831169867,0.8926479033130741,7.597402597402659,0.16062098820721574
2,eod_flatten_INFY_1125,INFY,EOD_FLATTENING,-14.446573650000001,14,47.0,1.4285714285713667,3.663918863380851,3.809523809523644,1.5393852008723141
2,25_INFY_exit,INFY,STOP_HIT,-26.402400053893757,9,23.0,1.3513513513513484,0.45396203327757123,5.1801801801801695,0.48627585382088834
1,82_JIOFIN_exit,JIOFIN,TIME_EXIT,0.7745926500000002,9,60.0,0.5714285714286178,0.28190001509375795,-0.4285714285714431,2.4210649580177295
2,178_JIOFIN_exit,JIOFIN,STOP_HIT,-29.14325207913465,12,5.0,3.54166666666676,5.568186117440944,9.166666666666924,8.026862477888752
1,67_JSWSTEEL_exit,JSWSTEEL,STOP_HIT,-20.121951864253855,9,39.0,1.2839506172838984,1.3545617007450044,3.3086419753086456,5.036497330329411
1,128_JSWSTEEL_exit,JSWSTEEL,TIME_EXIT,-2.7077830500000006,10,60.0,2.151162790697681,3.9974643666679475,-3.4883720930232234,1.4150107456097045
1,189_JSWSTEEL_exit,JSWSTEEL,TIME_EXIT,4.246837125000342,11,60.0,1.3131313131314395,0.9803298820639862,-1.3131313131314395,2.2089270722773806
1,217_JSWSTEEL_exit,JSWSTEEL,STOP_HIT,-16.098928612693232,12,27.0,1.1111111111111112,0.36697632478453246,-0.0,5.333922082093573
2,86_JSWSTEEL_exit,JSWSTEEL,TIME_EXIT,-11.406833400000272,9,60.0,0.9900990099009768,1.049757433555164,2.079207920791961,4.207427298493399
1,eod_flatten_KOTAKBANK_375,KOTAKBANK,EOD_FLATTENING,-15.826823349999705,15,8.0,1.126760563380223,1.5653195725591007,0.8450704225350871,-1.2974563492273092
1,61_KOTAKBANK_exit,KOTAKBANK,TIME_EXIT,-4.094236899999999,9,60.0,4.752475247524697,1.5230391247913964,5.742574257425797,-0.0
1,107_KOTAKBANK_exit,KOTAKBANK,STOP_HIT,-19.40171153373213,10,43.0,0.7407407407407017,0.6622320936599997,-1.1111111111109475,-1.2663279529843146
1,170_KOTAKBANK_exit,KOTAKBANK,TIME_EXIT,4.9908865499998525,11,60.0,0.888888888888771,0.07839400061281829,-3.1111111111110774,-5.340885971045382
1,233_KOTAKBANK_exit,KOTAKBANK,TIME_EXIT,-12.820994200000317,12,60.0,0.5000000000001137,0.6615527704364002,-0.9999999999999432,-1.392261208386003
1,295_KOTAKBANK_exit,KOTAKBANK,TIME_EXIT,-13.74642899999949,13,60.0,1.1764705882355104,1.26089195249564,-0.5882352941177552,-5.038555256686999
1,95_KOTAKBANK_exit,KOTAKBANK,STOP_HIT,-22.332535506561396,10,30.0,0.7017543859648597,0.13933453474572546,1.4035087719297195,-1.690149442992432
1,342_KOTAKBANK_exit,KOTAKBANK,TIME_EXIT,-6.808926850000125,13,60.0,0.8510638297871878,2.249718785151856,2.553191489361805,2.487889746246171
1,90_KOTAKBANK_exit,KOTAKBANK,STOP_HIT,-23.292133855132736,10,18.0,0.7999999999999727,0.39554963102363716,2.0000000000000457,1.4556182384651823
1,eod_flatten_KOTAKBANK_1500,KOTAKBANK,EOD_FLATTENING,-2.642856599999727,15,8.0,1.333333333333367,1.0819512004532224,-0.0,-1.018390375550843
2,214_KOTAKBANK_exit,KOTAKBANK,TIME_EXIT,-15.24693074999983,11,60.0,1.1764705882353466,0.3003001598982636,2.74509803921566,-0.20037330839453424
2,316_KOTAKBANK_exit,KOTAKBANK,TIME_EXIT,-12.844153000000318,13,60.0,0.0,0.9263129609172066,1.8604651162791253,-4.712948092484897
2,65_KOTAKBANK_exit,KOTAKBANK,TIME_EXIT,-8.608009900000159,9,60.0,1.2499999999999747,0.3847344819808627,6.249999999999974,0.14805326759983412
2,126_KOTAKBANK_exit,KOTAKBANK,TIME_EXIT,-15.61421120000016,10,60.0,0.39215686274518985,0.6212954918428419,-0.39215686274518985,-0.9438815550763701
2,100_KOTAKBANK_exit,KOTAKBANK,STOP_HIT,-29.959629818507175,10,35.0,0.7017543859648597,0.13933453474572546,1.4035087719297195,-1.690149442992432
2,342_KOTAKBANK_exit,KOTAKBANK,TIME_EXIT,-7.427920200000136,13,60.0,0.8510638297871878,2.249718785151856,2.553191489361805,2.487889746246171
1,268_LT_exit,LT,TIME_EXIT,5.949884975,12,60.0,1.485029940119733,5.365401514330769,4.95808383233534,9.501508217629896
1,329_LT_exit,LT,TIME_EXIT,17.08532655000009,13,60.0,0.685840707964685,0.34375364731465496,0.5752212389379346,9.572547078396905
1,340_LT_exit,LT,STOP_HIT,-12.890208027999353,14,10.0,1.1499703615885861,1.444154247964357,-0.4742145820983949,7.419771746004027
1,eod_flatten_LT_375,LT,EOD_FLATTENING,11.429760625,14,33.0,1.6339869281045922,0.6219526090185094,-1.9117647058823433,6.375625617757865
1,93_LT_exit,LT,TIME_EXIT,-0.3956222999999086,9,60.0,1.0975609756097837,0.6247706857628772,0.6300813008129948,1.893934199706136
1,67_LT_exit,LT,TIME_EXIT,-8.785267274999818,9,60.0,1.6321243523315916,0.4026434503054376,3.1519861830742983,2.3747945635773218
1,103_LT_exit,LT,STOP_HIT,-12.96027737555567,10,35.0,0.9010989010989722,0.885913037811772,-1.6043956043954286,-0.8736249474294133
1,303_LT_exit,LT,TIME_EXIT,-8.144010100000182,13,60.0,2.851153039832372,4.490042480221365,4.3186582809225245,6.931392250546024
2,eod_flatten_LT_375,LT,EOD_FLATTENING,-0.9743871750000908,14,57.0,1.0487982520028925,2.0914387067933724,0.8739985433357658,10.752273288997054
2,93_LT_exit,LT,TIME_EXIT,-0.3956222999999086,9,60.0,1.0975609756097837,0.6247706857628772,0.6300813008129948,1.893934199706136
2,320_LT_exit,LT,STOP_HIT,-19.659299398953646,14,20.0,1.43575017946878,2.9954212297756744,3.3452979181622835,12.89960406598069
1,134_M&M_exit,M&M,TIME_EXIT,26.931572400000274,10,60.0,1.248000000000029,0.4960464959113334,-1.311999999999971,7.1641198978951435
1,195_M&M_exit,M&M,TIME_EXIT,8.503522275000002,11,60.0,2.2047244094489544,1.7568091499466898,3.3858267716536745,14.68609303685676
1,256_M&M_exit,M&M,TIME_EXIT,-3.338724300000136,12,60.0,1.5981735159817119,0.5405472298191989,1.8264840182648137,17.32752694644352
1,277_M&M_exit,M&M,STOP_HIT,-13.191326103880185,13,18.0,0.8102345415776606,0.24885597399867407,-2.217484008528875,12.429325576961864
1,338_M&M_exit,M&M,TIME_EXIT,3.6680701499999993,13,60.0,1.1618257261411367,1.3766133006217303,-0.7883817427386149,8.16190265633943
1,56_M&M_exit,M&M,STOP_HIT,-21.069465462224045,9,50.0,0.8773500447627787,0.7246475590173365,2.6320501342882547,1.4137832713438645
1,67_M&M_exit,M&M,STOP_HIT,-19.445089478969464,10,9.0,3.807228915662543,7.307547054882134,-0.8915662650602969,-1.8418089081474098
1,258_M&M_exit,M&M,STOP_HIT,-21.313509149005913,13,18.0,1.7785843920145696,2.336000332941434,4.355716878402947,3.4304399020069587
1,291_M&M_exit,M&M,TIME_EXIT,17.22504217499959,13,60.0,0.8024691358025566,0.6895794925818629,2.777777777777692,3.8814347769210875
1,356_M&M_exit,M&M,TIME_EXIT,-13.983877875,14,60.0,3.1400966183574806,2.3430939821294006,2.608695652173951,10.878929565648328
1,372_M&M_exit,M&M,TARGET_HIT,36.01963636664106,15,14.0,0.1570680628273211,1.3325630331833496,-0.9947643979058116,5.750928519352968
1,eod_flatten_M&M_1125,M&M,EOD_FLATTENING,-0.2188247250002724,15,1.0,1.9469026548672246,1.4688029780322698,2.0058997050146634,10.250402836611912
1,29_M&M_exit,M&M,STOP_HIT,-19.953636807773094,9,27.0,1.281790437436442,5.393499670679024,1.1190233977619408,-0.09964814556653719
1,151_M&M_exit,M&M,TIME_EXIT,-0.6709051499998631,10,60.0,1.291512915129134,0.44038155802861684,2.2509225092250285,0.7161561688242907
2,140_M&M_exit,M&M,TIME_EXIT,37.7310495,10,60.0,0.3401360544217703,0.6512412679142789,-0.3061224489796242,6.37111641930135
2,201_M&M_exit,M&M,TIME_EXIT,3.25810725,11,60.0,1.1873840445268222,3.592516137488122,2.3747680890538128,14.973165114187578
2,262_M&M_exit,M&M,TIME_EXIT,-10.53975420000041,12,60.0,0.7906976744185118,0.9465156899355538,0.7441860465115778,17.972892678217907
2,324_M&M_exit,M&M,TIME_EXIT,-8.593099575000135,13,60.0,0.6134969325153362,0.27108580723871495,-0.6543967280163214,11.151444064374473
2,eod_flatten_M&M_375,M&M,EOD_FLATTENING,5.973526400000182,14,47.0,1.227621483375776,0.5296924892870429,0.9207161125318319,10.395107159646361
2,20_M&M_exit,M&M,TARGET_HIT,33.89315537963397,9,19.0,8.174123337364028,2.5860576053894437,7.593712212817451,-0.0
2,25_M&M_exit,M&M,STOP_HIT,-28.229385901932474,9,4.0,1.1856474258970233,1.0792272239209177,1.887675507020269,2.2805731987829545
2,300_M&M_exit,M&M,TIME_EXIT,-1.1878444499999992,13,60.0,1.7785843920145696,2.336000332941434,4.355716878402947,3.4304399020069587
2,172_M&M_exit,M&M,TIME_EXIT,3.6907694500000003,11,60.0,0.9106830122591567,0.48717149683182714,1.7513134851138241,2.5899417335728923
2,210_M&M_exit,M&M,STOP_HIT,-28.442373018078673,12,30.0,0.24291497975687482,0.20778792438828306,0.16194331983828475,8.197410148635461
2,150_M&M_exit,M&M,TIME_EXIT,-3.948348949999909,10,60.0,0.817051509768988,2.315812837266081,3.090586145648213,1.8991347252705157
1,17_MAXHEALTH_exit,MAXHEALTH,TARGET_HIT,42.73630739331847,9,12.0,0.28985507246375963,0.4674696023079237,4.524959742351051,-0.3137686059197344
2,20_MAXHEALTH_exit,MAXHEALTH,TARGET_HIT,58.99103026963715,9,15.0,0.28985507246375963,0.4674696023079237,4.524959742351051,-0.3137686059197344
2,89_MAXHEALTH_exit,MAXHEALTH,TIME_EXIT,15.005122000000728,9,60.0,0.5052005943536559,0.13424472748968844,-1.1589895988113244,1.4080665017989422
2,150_MAXHEALTH_exit,MAXHEALTH,TIME_EXIT,10.222999199999636,10,60.0,0.7614213197969569,0.6161061091520934,-0.45685279187810496,3.447705751634866
2,211_MAXHEALTH_exit,MAXHEALTH,TIME_EXIT,-6.567181199999636,11,60.0,0.5015673981190887,0.12793490515170824,-0.3134796238244483,5.656954249546126
2,272_MAXHEALTH_exit,MAXHEALTH,TIME_EXIT,5.663805074999796,12,60.0,1.565217391304324,1.114901874863063,-2.1739130434782825,6.788810461430991
2,331_MAXHEALTH_exit,MAXHEALTH,STOP_HIT,-24.34363554045141,13,58.0,1.2844036697246617,0.39312255397739765,-0.7339449541284079,8.728947203632995
1,24_NTPC_exit,NTPC,STOP_HIT,-22.633994043356253,9,6.0,0.3146067415730286,0.33597437411581776,-0.5842696629213279,0.6571272626729807
1,356_NTPC_exit,NTPC,STOP_HIT,-18.976282132679955,14,12.0,2.105263157894713,1.96684091090009,4.210526315789426,1.1386834260401655
1,eod_flatten_NTPC_1125,NTPC,EOD_FLATTENING,-10.177897949999897,15,7.0,0.9259259259259249,0.8258956012883873,4.074074074074049,3.902046120962643
1,324_NTPC_exit,NTPC,TIME_EXIT,10.927320800000091,13,60.0,0.60606060606058,1.1580965200617748,4.242424242424404,4.651870281352877
1,365_NTPC_exit,NTPC,STOP_HIT,-16.17154755709054,14,40.0,1.1881188118812371,0.770922058870541,-0.5940594059406186,4.2728406579161735
2,23_NTPC_exit,NTPC,STOP_HIT,-32.244589683594924,9,2.0,0.6947890818858729,0.5058335145436287,0.2977667493796638,1.3216273744689382
2,eod_flatten_NTPC_1125,NTPC,EOD_FLATTENING,5.692658675000194,14,30.0,2.105263157894713,1.96684091090009,4.210526315789426,1.1386834260401655
2,21_NTPC_exit,NTPC,STOP_HIT,-26.707577726089234,9,19.0,1.5662650602409807,0.7898820571995665,2.650602409638546,-0.32934510390603816
2,334_NTPC_exit,NTPC,TIME_EXIT,-2.3480390000001137,13,60.0,2.1686746987952303,2.1373571121463115,4.337349397590324,7.5405376667201764
2,370_NTPC_exit,NTPC,STOP_HIT,-28.48373470380903,14,35.0,0.8791208791208325,0.7503504219975545,1.9780219780219355,5.068527721152324
1,357_POWERGRID_exit,POWERGRID,TIME_EXIT,26.784898800000125,14,60.0,2.7397260273973414,6.815874781237271,3.5616438356165747,2.420121708739188
1,eod_flatten_POWERGRID_750,POWERGRID,EOD_FLATTENING,-2.92402494999975,15,15.0,0.48780487804874667,0.71919277690706,-0.243902439024304,6.476798783606052
1,302_POWERGRID_exit,POWERGRID,STOP_HIT,-16.68473750473497,13,47.0,3.188405797101578,5.891143612996812,5.507246376811636,2.7913596485356043
2,369_POWERGRID_exit,POWERGRID,TIME_EXIT,5.87992954999975,14,60.0,2.7659574468085584,3.5801176489571698,2.1276595744681033,5.192679474538452
2,eod_flatten_POWERGRID_750,POWERGRID,EOD_FLATTENING,-2.92402494999975,15,4.0,0.8450704225352542,2.3552800701526784,1.1267605633802322,6.599703124557931
1,eod_flatten_RELIANCE_750,RELIANCE,EOD_FLATTENING,-0.7890462000001364,15,25.0,2.758620689654767,3.1694893924240115,6.982758620688948,8.488728099963568
1,25_RELIANCE_exit,RELIANCE,STOP_HIT,-19.43822714296242,9,23.0,1.7647058823529895,1.0966120691109078,2.941176470588247,1.2688398870959368
1,16_SBILIFE_exit,SBILIFE,STOP_HIT,-13.916088122891122,9,5.0,0.7594936708860849,0.538931256761227,0.07789678675756306,-0.027563213525717285
2,71_SBILIFE_exit,SBILIFE,TIME_EXIT,-9.651379424999863,9,60.0,0.7594936708860849,0.538931256761227,0.07789678675756306,-0.027563213525717285
1,134_SBIN_exit,SBIN,TIME_EXIT,-8.765618999999637,10,60.0,0.9589041095890943,0.6852963526770235,0.13698630136973713,-1.9288886974726023
1,195_SBIN_exit,SBIN,TIME_EXIT,-12.3708668,11,60.0,0.6410256410256168,1.0266819366943638,-1.1538461538459353,-3.018699620569679
1,61_SBIN_exit,SBIN,TARGET_HIT,34.63338546157464,9,60.0,2.519280205655597,1.1415645153126937,4.215938303341965,-0.0
1,130_SBIN_exit,SBIN,TIME_EXIT,-3.9614402000003635,10,60.0,1.226053639846852,0.943805008256061,1.3026819923372042,4.619692725661367
1,151_SBIN_exit,SBIN,TARGET_HIT,32.90143001607107,11,20.0,1.6417910447760005,0.7224450624962149,2.2388059701492766,7.419343241845677
1,212_SBIN_exit,SBIN,TIME_EXIT,2.0747536000005464,11,60.0,1.4166666666666776,2.004743850736791,3.499999999999971,10.94939405326422
1,273_SBIN_exit,SBIN,TIME_EXIT,5.493008924999796,12,60.0,0.7821229050279798,2.165295789493497,-0.1117318435753168,11.947971694271107
1,334_SBIN_exit,SBIN,TIME_EXIT,-13.115259200000182,13,60.0,0.5970149253730195,1.3199693030394641,0.29850746268650974,10.984900778610395
1,eod_flatten_SBIN_750,SBIN,EOD_FLATTENING,8.766193199999998,14,38.0,0.7518796992481293,0.36237398434343365,-0.0,5.905365763009411
1,61_SBIN_exit,SBIN,TIME_EXIT,-13.23962482500016,9,60.0,2.9457364341085817,2.0468019803944353,-3.9793281653747425,-0.0
1,94_SBIN_exit,SBIN,STOP_HIT,-19.124401663323237,10,31.0,1.1851851851851378,0.34151650620731044,-0.0,-1.117304305165903
2,61_SBIN_exit,SBIN,TIME_EXIT,29.75594229999968,9,60.0,2.519280205655597,1.1415645153126937,4.215938303341965,-0.0
2,124_SBIN_exit,SBIN,TIME_EXIT,-5.568224599999818,10,60.0,0.9638554216867887,0.6005660543514731,0.1606425702811619,3.6148895177758296
2,160_SBIN_exit,SBIN,TARGET_HIT,48.41182714488936,11,33.0,1.1475409836066703,0.5189946060353704,1.1475409836066703,5.928069905613294
2,221_SBIN_exit,SBIN,TIME_EXIT,-8.3143888,11,60.0,1.4652014652014311,1.5290634597857764,1.7582417582416174,11.917632251256764
2,eod_flatten_SBIN_750,SBIN,EOD_FLATTENING,-7.612341275000477,15,3.0,1.2686567164179574,1.0680905709992625,0.14925373134331904,8.42359727868304
1,328_SHRIRAMFIN_exit,SHRIRAMFIN,TIME_EXIT,-13.169019500000317,13,60.0,3.74999999999984,2.1905857895909127,7.249999999999634,-9.140338736187807
1,132_SHRIRAMFIN_exit,SHRIRAMFIN,STOP_HIT,-22.16884321611122,10,38.0,1.0294117647059475,1.1451674588865213,1.3235294117648373,-2.7729965129594754
2,152_SHRIRAMFIN_exit,SHRIRAMFIN,TIME_EXIT,-25.022822649999842,10,60.0,1.5384615384615519,4.241510168337063,4.461538461538465,-2.5077870495208616
1,242_SUNPHARMA_exit,SUNPHARMA,TIME_EXIT,-6.302784299999819,12,60.0,0.5786618444847542,0.14592029083075264,-0.03616636528042049,5.69444762009482
2,244_SUNPHARMA_exit,SUNPHARMA,TIME_EXIT,-15.1077497,12,60.0,0.4929577464788958,0.23198399154531832,0.4577464788731346,5.148401481942045
1,155_TATASTEEL_exit,TATASTEEL,TIME_EXIT,-0.38883497999965,10,60.0,1.5139442231075229,2.635483626740887,3.505976095617445,3.1885171762982005
1,216_TATASTEEL_exit,TATASTEEL,TIME_EXIT,-4.3806892,11,60.0,1.2121212121211808,2.9614586080577565,-0.6060606060605904,4.286830164132289
1,277_TATASTEEL_exit,TATASTEEL,TIME_EXIT,1.6139658000002282,12,60.0,0.5524861878452805,0.3261670042630496,1.6574585635359984,2.91020199952378
2,155_TATASTEEL_exit,TATASTEEL,TIME_EXIT,-0.3793511999996584,10,60.0,1.5139442231075229,2.635483626740887,3.505976095617445,3.1885171762982005
2,216_TATASTEEL_exit,TATASTEEL,TIME_EXIT,-3.9426202799999994,11,60.0,1.2121212121211808,2.9614586080577565,-0.6060606060605904,4.286830164132289
2,277_TATASTEEL_exit,TATASTEEL,TIME_EXIT,1.5332675100002162,12,60.0,0.5524861878452805,0.3261670042630496,1.6574585635359984,2.91020199952378
2,82_TATASTEEL_exit,TATASTEEL,TIME_EXIT,2.8884191400004298,9,60.0,0.17543859649119528,0.5843044871382271,0.8771929824561634,2.1179464068715466
2,144_TATASTEEL_exit,TATASTEEL,TIME_EXIT,8.987887349999578,10,60.0,0.43103448275859485,0.6732249398343152,0.4310344827587173,3.069264149674128
2,205_TATASTEEL_exit,TATASTEEL,TIME_EXIT,-9.598893535000212,11,60.0,1.3526570048309186,0.8502703110711841,-1.4492753623188903,5.2209492997944
2,249_TATASTEEL_exit,TATASTEEL,STOP_HIT,-27.600215887944834,12,43.0,0.5617977528089834,0.39242932278083764,-1.1235955056181264,2.9259787235705406
1,179_TCS_exit,TCS,TIME_EXIT,-5.6105022000000915,11,60.0,0.5465838509316442,2.077364665486346,1.9627329192546124,3.44372061548843
1,374_TCS_exit,TCS,TARGET_HIT,28.50884998246382,14,45.0,1.0651974288338384,3.2865542603101763,3.3792470156106247,8.467266098572436
1,3_TCS_exit,TCS,STOP_HIT,-13.147407931746532,9,1.0,1.8181818181817784,1.9226528252158246,7.92688792688787,-0.18284772687095216
1,190_TCS_exit,TCS,TIME_EXIT,12.79413654999991,11,60.0,0.6809078771694982,1.2743457037405366,1.4686248331108394,-2.7566414267998747
1,251_TCS_exit,TCS,TIME_EXIT,-0.045273974999999744,12,60.0,0.6319115323854643,0.36050387939935685,-1.7219589257503327,1.181954538047303
1,314_TCS_exit,TCS,TIME_EXIT,-3.4464112750000906,13,60.0,1.1009174311926542,0.35727781136638453,-1.4678899082568257,1.088007613150337
1,326_TCS_exit,TCS,STOP_HIT,-14.926318764913164,14,11.0,0.7483629560336789,0.6416302765647743,-0.5051449953228694,0.8095173757649909
1,164_TCS_exit,TCS,TIME_EXIT,7.5904213000000915,10,60.0,1.7973231357551822,2.9388234039148755,1.2428298279158656,1.8395208840602093
1,232_TCS_exit,TCS,TIME_EXIT,-8.858188725000183,12,60.0,0.8562197092084414,0.9641530847803094,-0.7108239095314531,3.0667162113047968
1,eod_flatten_TCS_1500,TCS,EOD_FLATTENING,-6.779082774999818,14,32.0,1.1216931216931547,3.776424750276102,5.238095238095213,5.145391148237207
2,125_TCS_exit,TCS,TIME_EXIT,-11.113582600000091,10,60.0,1.0418195157741008,1.0948050011714838,-3.4189288334555696,3.4934701795142566
2,187_TCS_exit,TCS,TIME_EXIT,-12.471294275,11,60.0,0.26035502958567247,1.4192574854228002,0.40236686390528675,0.1864992934882767
2,249_TCS_exit,TCS,TIME_EXIT,-18.380665775000093,12,60.0,1.7721518987342975,0.973263066286322,1.518987341772214,-3.953818118741235
2,eod_flatten_TCS_750,TCS,EOD_FLATTENING,20.500089375,14,42.0,1.5866666666666471,1.468109211787702,2.0533333333334434,7.006483929908433
2,137_TCS_exit,TCS,STOP_HIT,-21.782713839187956,10,36.0,2.7967257844474864,5.178890198429929,5.38881309686223,7.255863427929948
2,217_TCS_exit,TCS,TIME_EXIT,-11.893999500000364,11,60.0,0.7057340894770351,0.8599368136001203,1.5626969124132877,2.6404192842588436
2,eod_flatten_TCS_1125,TCS,EOD_FLATTENING,-9.002954649999818,14,47.0,2.27697536108747,3.9544930312567197,2.888700084961794,2.891842054953666
1,222_TITAN_exit,TITAN,TARGET_HIT,24.808348781094182,12,39.0,1.8901098901097702,4.263740300289269,0.989010989010989,9.959700018307858
1,283_TITAN_exit,TITAN,TIME_EXIT,0.20290167500009115,12,60.0,2.484177215189852,3.0232558139534884,3.401898734177225,13.647350445222596
1,296_TITAN_exit,TITAN,STOP_HIT,-13.518036629083506,13,12.0,1.4380530973451384,0.8108186540526422,0.0,15.43585999412246
1,357_TITAN_exit,TITAN,TIME_EXIT,-0.989734174999727,14,60.0,1.5340364333653032,1.2386552211591648,-3.6816874400766926,8.792223886865465
1,365_TITAN_exit,TITAN,STOP_HIT,-13.693129250257638,15,7.0,0.8865710560624782,0.48090950249006487,-2.294654498044117,10.301817238058185
1,47_TITAN_exit,TITAN,STOP_HIT,-13.547822512007478,9,20.0,1.531914893617057,1.2252496192249112,4.042553191489388,3.61277927985762
1,64_TITAN_exit,TITAN,TIME_EXIT,11.95278845000009,9,60.0,1.5762996087199055,1.1228590861312064,6.0927892677473885,2.0267553468981823
1,151_TITAN_exit,TITAN,TIME_EXIT,1.7983136000001823,10,60.0,1.0835214446953185,1.5025170041886022,2.866817155756214,3.3866961843708236
1,212_TITAN_exit,TITAN,TIME_EXIT,-1.0044609999999996,11,60.0,0.6572769953051868,0.21820498526718166,-0.3755868544601067,2.272693275767963
1,270_TITAN_exit,TITAN,TARGET_HIT,26.795299813265864,12,57.0,0.4773869346732842,1.2125298205580333,1.306532663316561,3.7612809064592003
1,272_TITAN_exit,TITAN,STOP_HIT,-13.782534310323982,13,1.0,3.2878338278931714,7.001193358899792,5.827893175074259,8.303090312045459
1,334_TITAN_exit,TITAN,TIME_EXIT,1.3202714249999095,13,60.0,0.9208484221417188,0.7104204694137981,2.2659079151577677,5.323425661640623
1,374_TITAN_exit,TITAN,STOP_HIT,-14.10844332515467,15,7.0,0.6770833333332765,0.9693420408464886,1.579861111111189,12.798235183063198
2,280_TITAN_exit,TITAN,TIME_EXIT,6.55502575,12,60.0,1.836734693877649,1.9411823248407645,2.968460111317249,14.067503285950242
2,59_TITAN_exit,TITAN,STOP_HIT,-19.76623712213935,9,32.0,1.531914893617057,1.2252496192249112,4.042553191489388,3.61277927985762
2,64_TITAN_exit,TITAN,TIME_EXIT,11.95278845000009,9,60.0,1.5762996087199055,1.1228590861312064,6.0927892677473885,2.0267553468981823
2,281_TITAN_exit,TITAN,TIME_EXIT,-14.558281399999908,12,60.0,1.750266808964746,3.204993385121612,1.2593383137672673,4.924314979098257
2,311_TITAN_exit,TITAN,TIME_EXIT,16.275869549999726,13,60.0,0.6779661016949965,1.2205441798696686,0.9604519774012166,6.057384427149213
2,373_TITAN_exit,TITAN,TIME_EXIT,5.414888224999818,14,60.0,0.9347442680776215,0.44387096774193546,0.19400352733692233,9.051184892340379
2,157_TRENT_exit,TRENT,STOP_HIT,-16.9540606698942,11,31.0,0.912280701754354,1.0712799889058382,4.701754385964944,6.861780364412896
1,193_WIPRO_exit,WIPRO,TIME_EXIT,4.8614444999995,11,60.0,1.2727272727272456,0.7896400329590595,1.63636363636369,-0.012888197895687237
1,254_WIPRO_exit,WIPRO,TIME_EXIT,0.44678445000035794,12,60.0,1.1111111111111227,0.3924499059005867,-0.37037037037044446,2.3547503013612334
2,198_WIPRO_exit,WIPRO,TIME_EXIT,-5.299419199999892,11,60.0,0.4444444444444248,0.815506841772755,1.3333333333332744,1.2912184350357834
