trade_id,symbol,side,direction,entry_timestamp,exit_timestamp,entry_price,exit_price,quantity,entry_cost,exit_cost,gross_pnl,net_pnl,exit_reason,same_session,total_cost,cost_to_gross_ratio,entry_ist,exit_ist,entry_hour_ist,hold_minutes
4_HCLTECH_exit,HCLTECH,SHORT,-1,2023-10-03T03:47:00+00:00,2023-10-03T03:49:00+00:00,1223.9,1229.5311067719747,3,2.1461086500000004,1.2338344656456763,-16.893320315923802,-20.27326343156948,STOP_HIT,True,3.379943115645677,0.20007571350314782,2023-10-03T09:17:00+05:30,2023-10-03T09:19:00+05:30,9,2.0
4_TCS_exit,TCS,SHORT,-1,2023-10-03T03:47:00+00:00,2023-10-03T03:49:00+00:00,3510.0,3522.7586985330254,1,2.051595,1.178362784659297,-12.758698533025381,-15.988656317684677,STOP_HIT,True,3.229957784659297,0.25315730881944426,2023-10-03T09:17:00+05:30,2023-10-03T09:19:00+05:30,9,2.0
17_COALINDIA_exit,COALINDIA,SHORT,-1,2023-10-03T03:47:00+00:00,2023-10-03T04:02:00+00:00,273.65,271.1389591063555,16,2.5591748,1.4511357091372146,40.176654298311405,36.16634378917419,TARGET_HIT,True,4.010310509137215,0.0998169354610935,2023-10-03T09:17:00+05:30,2023-10-03T09:32:00+05:30,9,15.0
6_SHRIRAMFIN_exit,SHRIRAMFIN,SHORT,-1,2023-10-03T03:49:00+00:00,2023-10-03T03:51:00+00:00,383.1,384.42130653574446,13,2.91098535,1.6716560514706849,-17.17698496467773,-21.759626366148414,STOP_HIT,True,4.582641401470685,0.2667896264038363,2023-10-03T09:19:00+05:30,2023-10-03T09:21:00+05:30,9,2.0
64_INFY_exit,INFY,SHORT,-1,2023-10-03T03:49:00+00:00,2023-10-03T04:49:00+00:00,1401.4,1398.0,3,2.4573549000000003,1.402893,10.200000000000273,6.339752100000273,TIME_EXIT,True,3.8602479,0.3784556764705781,2023-10-03T09:19:00+05:30,2023-10-03T10:19:00+05:30,9,60.0
18_EICHERMOT_exit,EICHERMOT,SHORT,-1,2023-10-03T03:54:00+00:00,2023-10-03T04:03:00+00:00,3312.0,3323.561421792604,1,1.935864,1.111731295589626,-11.561421792604051,-14.609017088193678,STOP_HIT,True,3.047595295589626,0.263600390182045,2023-10-03T09:24:00+05:30,2023-10-03T09:33:00+05:30,9,9.0
69_M&M_exit,M&M,SHORT,-1,2023-10-03T03:54:00+00:00,2023-10-03T04:54:00+00:00,1561.35,1550.55,3,2.7378272249999993,1.5559769249999997,32.399999999999864,28.106195849999864,TIME_EXIT,True,4.293804149999999,0.13252481944444497,2023-10-03T09:24:00+05:30,2023-10-03T10:24:00+05:30,9,60.0
69_SBIN_exit,SBIN,SHORT,-1,2023-10-03T03:54:00+00:00,2023-10-03T04:54:00+00:00,593.25,593.55,8,2.774037,1.5883397999999997,-2.399999999999636,-6.762376799999636,TIME_EXIT,True,4.3623768,1.8176570000002754,2023-10-03T09:24:00+05:30,2023-10-03T10:24:00+05:30,9,60.0
24_ETERNAL_exit,ETERNAL,SHORT,-1,2023-10-03T04:03:00+00:00,2023-10-03T04:09:00+00:00,100.15,100.43002568889162,52,3.0439591,1.7468798668325805,-14.561335822363844,-19.35217478919642,STOP_HIT,True,4.79083896683258,0.32901095237942596,2023-10-03T09:33:00+05:30,2023-10-03T09:39:00+05:30,9,6.0
26_EICHERMOT_exit,EICHERMOT,SHORT,-1,2023-10-03T04:04:00+00:00,2023-10-03T04:11:00+00:00,3325.0,3334.7061907922475,1,1.9434625,1.1154592208200067,-9.706190792247526,-12.765112513067534,STOP_HIT,True,3.058921720820007,0.31515161676640563,2023-10-03T09:34:00+05:30,2023-10-03T09:41:00+05:30,9,7.0
56_COALINDIA_exit,COALINDIA,SHORT,-1,2023-10-03T04:10:00+00:00,2023-10-03T04:41:00+00:00,270.85,271.69196471096336,19,3.007924675,1.7267382817205275,-15.997329508303437,-20.731992465023964,STOP_HIT,True,4.734662956720527,0.2959658331887827,2023-10-03T09:40:00+05:30,2023-10-03T10:11:00+05:30,9,31.0
91_ASIANPAINT_exit,ASIANPAINT,SHORT,-1,2023-10-03T04:16:00+00:00,2023-10-03T05:16:00+00:00,3192.0,3181.0,1,1.865724,1.0640444999999998,11.0,8.0702315,TIME_EXIT,True,2.9297684999999998,0.2663425909090909,2023-10-03T09:46:00+05:30,2023-10-03T10:46:00+05:30,9,60.0
79_COALINDIA_exit,COALINDIA,SHORT,-1,2023-10-03T04:43:00+00:00,2023-10-03T05:04:00+00:00,271.75,272.6121778289223,19,3.0179196249999998,1.7325866961917153,-16.381378749523947,-21.13188507071566,STOP_HIT,True,4.750506321191715,0.28999429131261417,2023-10-03T10:13:00+05:30,2023-10-03T10:34:00+05:30,10,21.0
125_DRREDDY_exit,DRREDDY,SHORT,-1,2023-10-03T04:50:00+00:00,2023-10-03T05:50:00+00:00,1102.6,1099.4,4,2.5778787999999997,1.4709972,12.799999999999272,8.751123999999272,TIME_EXIT,True,4.048876,0.316318437500018,2023-10-03T10:20:00+05:30,2023-10-03T11:20:00+05:30,10,60.0
134_M&M_exit,M&M,SHORT,-1,2023-10-03T04:59:00+00:00,2023-10-03T05:59:00+00:00,1552.0,1541.6,3,2.721432,1.5469955999999996,31.200000000000273,26.931572400000274,TIME_EXIT,True,4.2684276,0.13680857692307571,2023-10-03T10:29:00+05:30,2023-10-03T11:29:00+05:30,10,60.0
134_SBIN_exit,SBIN,SHORT,-1,2023-10-03T04:59:00+00:00,2023-10-03T05:59:00+00:00,593.6,594.15,8,2.7756736,1.5899454,-4.399999999999636,-8.765618999999637,TIME_EXIT,True,4.365619000000001,0.9921861363637186,2023-10-03T10:29:00+05:30,2023-10-03T11:29:00+05:30,10,60.0
140_INFY_exit,INFY,SHORT,-1,2023-10-03T05:05:00+00:00,2023-10-03T06:05:00+00:00,1395.1,1397.2,3,2.4463078499999997,1.4020902,-6.300000000000409,-10.14839805000041,TIME_EXIT,True,3.8483980499999997,0.6108568333332935,2023-10-03T10:35:00+05:30,2023-10-03T11:35:00+05:30,10,60.0
95_ETERNAL_exit,ETERNAL,LONG,1,2023-10-03T05:18:00+00:00,2023-10-03T05:20:00+00:00,103.1,102.75838597837934,51,1.7588344499999997,3.0631761068224987,-17.422315102653513,-22.24432565947601,STOP_HIT,True,4.822010556822498,0.2767720896109886,2023-10-03T10:48:00+05:30,2023-10-03T10:50:00+05:30,10,2.0
106_ASIANPAINT_exit,ASIANPAINT,SHORT,-1,2023-10-03T05:21:00+00:00,2023-10-03T05:31:00+00:00,3177.55,3187.927401042025,1,1.857277975,1.0663617156485572,-10.377401042024758,-13.301040732673316,STOP_HIT,True,2.923639690648557,0.28173139679278686,2023-10-03T10:51:00+05:30,2023-10-03T11:01:00+05:30,10,10.0
167_ASIANPAINT_exit,ASIANPAINT,SHORT,-1,2023-10-03T05:32:00+00:00,2023-10-03T06:32:00+00:00,3190.75,3193.75,1,1.864993375,1.068309375,-3.0,-5.93330275,TIME_EXIT,True,2.93330275,0.9777675833333334,2023-10-03T11:02:00+05:30,2023-10-03T12:02:00+05:30,11,60.0
187_DRREDDY_exit,DRREDDY,SHORT,-1,2023-10-03T05:52:00+00:00,2023-10-03T06:52:00+00:00,1099.2,1095.3,4,2.5699296,1.4655113999999998,15.600000000000364,11.564559000000363,TIME_EXIT,True,4.035441,0.25868211538460933,2023-10-03T11:22:00+05:30,2023-10-03T12:22:00+05:30,11,60.0
195_M&M_exit,M&M,SHORT,-1,2023-10-03T06:00:00+00:00,2023-10-03T07:00:00+00:00,1541.8,1537.55,3,2.7035462999999997,1.5429314249999997,12.75,8.503522275000002,TIME_EXIT,True,4.246477724999999,0.3330570764705882,2023-10-03T11:30:00+05:30,2023-10-03T12:30:00+05:30,11,60.0
195_SBIN_exit,SBIN,SHORT,-1,2023-10-03T06:00:00+00:00,2023-10-03T07:00:00+00:00,594.15,595.15,8,2.7782454,1.5926213999999999,-8.0,-12.3708668,TIME_EXIT,True,4.3708668,0.54635835,2023-10-03T11:30:00+05:30,2023-10-03T12:30:00+05:30,11,60.0
201_BEL_exit,BEL,SHORT,-1,2023-10-03T06:06:00+00:00,2023-10-03T07:06:00+00:00,138.85,138.6,37,3.0028395249999997,1.7153828999999998,9.25,4.5317775750000004,TIME_EXIT,True,4.7182224249999996,0.5100781,2023-10-03T11:36:00+05:30,2023-10-03T12:36:00+05:30,11,60.0
222_TITAN_exit,TITAN,LONG,1,2023-10-03T06:48:00+00:00,2023-10-03T07:27:00+00:00,3179.65,3207.39666505682,1,1.063592925,1.874723350725711,27.746665056819893,24.808348781094182,TARGET_HIT,True,2.938316275725711,0.10589799782094887,2023-10-03T12:18:00+05:30,2023-10-03T12:57:00+05:30,12,39.0
248_DRREDDY_exit,DRREDDY,SHORT,-1,2023-10-03T06:53:00+00:00,2023-10-03T07:53:00+00:00,1095.3,1094.1,4,2.5608113999999995,1.4639057999999998,4.800000000000182,0.7752828000001826,TIME_EXIT,True,4.0247171999999996,0.8384827499999681,2023-10-03T12:23:00+05:30,2023-10-03T13:23:00+05:30,12,60.0
256_M&M_exit,M&M,SHORT,-1,2023-10-03T07:01:00+00:00,2023-10-03T08:01:00+00:00,1537.55,1537.25,3,2.6960939249999996,1.5426303749999999,0.8999999999998636,-3.338724300000136,TIME_EXIT,True,4.2387242999999994,4.70969366666738,2023-10-03T12:31:00+05:30,2023-10-03T13:31:00+05:30,12,60.0
225_BEL_exit,BEL,SHORT,-1,2023-10-03T07:07:00+00:00,2023-10-03T07:30:00+00:00,138.65,139.05638545974972,34,2.75539145,1.5814882718337335,-13.817105631490278,-18.153985353324014,STOP_HIT,True,4.336879721833734,0.3138775831567533,2023-10-03T12:37:00+05:30,2023-10-03T13:00:00+05:30,12,23.0
268_LT_exit,LT,LONG,1,2023-10-03T07:13:00+00:00,2023-10-03T08:13:00+00:00,3041.35,3050.1,1,1.0173315749999998,1.7827834499999997,8.75,5.949884975,TIME_EXIT,True,2.8001150249999993,0.32001314571428563,2023-10-03T12:43:00+05:30,2023-10-03T13:43:00+05:30,12,60.0
283_TITAN_exit,TITAN,LONG,1,2023-10-03T07:28:00+00:00,2023-10-03T08:28:00+00:00,3204.85,3208.0,1,1.0720223249999998,1.875076,3.150000000000091,0.20290167500009115,TIME_EXIT,True,2.947098325,0.9355867698412428,2023-10-03T12:58:00+05:30,2023-10-03T13:58:00+05:30,12,60.0
298_BAJFINANCE_exit,BAJFINANCE,LONG,1,2023-10-03T07:43:00+00:00,2023-10-03T08:43:00+00:00,791.0,793.5,5,1.3229475,2.31900375,12.5,8.85804875,TIME_EXIT,True,3.64195125,0.2913561,2023-10-03T13:13:00+05:30,2023-10-03T14:13:00+05:30,13,60.0
309_DRREDDY_exit,DRREDDY,SHORT,-1,2023-10-03T07:54:00+00:00,2023-10-03T08:54:00+00:00,1094.1,1095.0,3,1.9185043499999996,1.0988324999999999,-2.700000000000273,-5.717336850000272,TIME_EXIT,True,3.0173368499999995,1.1175321666665536,2023-10-03T13:24:00+05:30,2023-10-03T14:24:00+05:30,13,60.0
277_M&M_exit,M&M,SHORT,-1,2023-10-03T08:04:00+00:00,2023-10-03T08:22:00+00:00,1537.7,1542.8807837797658,2,1.7975713,1.0321872443486633,-10.361567559531522,-13.191326103880185,STOP_HIT,True,2.829758544348663,0.2731013939821867,2023-10-03T13:34:00+05:30,2023-10-03T13:52:00+05:30,13,18.0
329_LT_exit,LT,LONG,1,2023-10-03T08:14:00+00:00,2023-10-03T09:14:00+00:00,3050.1,3070.0,1,1.0202584499999998,1.794415,19.90000000000009,17.08532655000009,TIME_EXIT,True,2.81467345,0.14144087688442145,2023-10-03T13:44:00+05:30,2023-10-03T14:44:00+05:30,13,60.0
338_M&M_exit,M&M,SHORT,-1,2023-10-03T08:23:00+00:00,2023-10-03T09:23:00+00:00,1541.95,1538.7,2,1.80253955,1.0293903,6.5,3.6680701499999993,TIME_EXIT,True,2.83192985,0.43568151538461536,2023-10-03T13:53:00+05:30,2023-10-03T14:53:00+05:30,13,60.0
296_TITAN_exit,TITAN,LONG,1,2023-10-03T08:29:00+00:00,2023-10-03T08:41:00+00:00,3208.0,3197.423933660141,1,1.073076,1.8688942892243523,-10.576066339859153,-13.518036629083506,STOP_HIT,True,2.9419702892243524,0.2781724503879702,2023-10-03T13:59:00+05:30,2023-10-03T14:11:00+05:30,13,12.0
357_TITAN_exit,TITAN,LONG,1,2023-10-03T08:42:00+00:00,2023-10-03T09:42:00+00:00,3197.6,3199.55,1,1.0695971999999998,1.870136975,1.9500000000002728,-0.989734174999727,TIME_EXIT,True,2.939734175,1.507555987179276,2023-10-03T14:12:00+05:30,2023-10-03T15:12:00+05:30,14,60.0
359_ASIANPAINT_exit,ASIANPAINT,SHORT,-1,2023-10-03T08:44:00+00:00,2023-10-03T09:44:00+00:00,3175.15,3167.35,1,1.855875175,1.0594785749999998,7.800000000000182,4.884646250000182,TIME_EXIT,True,2.9153537499999995,0.3737633012820425,2023-10-03T14:14:00+05:30,2023-10-03T15:14:00+05:30,14,60.0
371_DRREDDY_exit,DRREDDY,SHORT,-1,2023-10-03T08:56:00+00:00,2023-10-03T09:56:00+00:00,1095.0,1091.8,4,2.56011,1.4608283999999998,12.800000000000182,8.779061600000182,TIME_EXIT,True,4.0209383999999995,0.3141358124999955,2023-10-03T14:26:00+05:30,2023-10-03T15:26:00+05:30,14,60.0
340_LT_exit,LT,LONG,1,2023-10-03T09:15:00+00:00,2023-10-03T09:25:00+00:00,3070.0,3059.9252332708475,1,1.026915,1.78852629884681,-10.074766729152543,-12.890208027999353,STOP_HIT,True,2.8154412988468103,0.27945473821244854,2023-10-03T14:45:00+05:30,2023-10-03T14:55:00+05:30,14,10.0
eod_flatten_BAJFINANCE_375,BAJFINANCE,LONG,1,2023-10-03T09:24:00+00:00,2023-10-03T09:59:00+00:00,795.0,797.0,5,1.3296374999999998,2.3292325,10.0,6.34113,EOD_FLATTENING,True,3.6588699999999994,0.36588699999999996,2023-10-03T14:54:00+05:30,2023-10-03T15:29:00+05:30,14,35.0
eod_flatten_LT_375,LT,LONG,1,2023-10-03T09:26:00+00:00,2023-10-03T09:59:00+00:00,3059.75,3074.0,1,1.0234863749999998,1.7967529999999998,14.25,11.429760625,EOD_FLATTENING,True,2.820239375,0.1979115350877193,2023-10-03T14:56:00+05:30,2023-10-03T15:29:00+05:30,14,33.0
365_TITAN_exit,TITAN,LONG,1,2023-10-03T09:43:00+00:00,2023-10-03T09:50:00+00:00,3199.5,3188.740922568984,1,1.07023275,1.863819069241571,-10.759077431016067,-13.693129250257638,STOP_HIT,True,2.9340518192415708,0.27270477771480117,2023-10-03T15:13:00+05:30,2023-10-03T15:20:00+05:30,15,7.0
eod_flatten_ASIANPAINT_375,ASIANPAINT,SHORT,-1,2023-10-03T09:45:00+00:00,2023-10-03T09:59:00+00:00,3166.9,3167.5,1,1.85105305,1.05952875,-0.599999999999909,-3.510581799999909,EOD_FLATTENING,True,2.9105818,4.850969666667402,2023-10-03T15:15:00+05:30,2023-10-03T15:29:00+05:30,15,14.0
eod_flatten_KOTAKBANK_375,KOTAKBANK,SHORT,-1,2023-10-03T09:51:00+00:00,2023-10-03T09:59:00+00:00,345.1,346.0,13,2.62224235,1.504581,-11.699999999999704,-15.826823349999705,EOD_FLATTENING,True,4.1268233500000004,0.35271994444445337,2023-10-03T15:21:00+05:30,2023-10-03T15:29:00+05:30,15,8.0
eod_flatten_DRREDDY_375,DRREDDY,SHORT,-1,2023-10-03T09:59:00+00:00,2023-10-03T09:59:00+00:00,1091.5,1091.6,4,2.551927,1.4605607999999997,-0.3999999999996362,-4.412487799999636,EOD_FLATTENING,True,4.0124878,10.031219500009122,2023-10-03T15:29:00+05:30,2023-10-03T15:29:00+05:30,15,0.0
3_ASIANPAINT_exit,ASIANPAINT,SHORT,-1,2023-10-04T03:46:00+00:00,2023-10-04T03:48:00+00:00,3159.45,3170.3065698758373,1,1.8466985249999999,1.0604675476234675,-10.856569875837522,-13.76373594846099,STOP_HIT,True,2.9071660726234674,0.26777942811326455,2023-10-04T09:16:00+05:30,2023-10-04T09:18:00+05:30,9,2.0
4_DRREDDY_exit,DRREDDY,SHORT,-1,2023-10-04T03:46:00+00:00,2023-10-04T03:49:00+00:00,1089.8,1092.5462069971206,4,2.5479524,1.4618268249621473,-10.98482798848272,-14.994607213444867,STOP_HIT,True,4.009779224962147,0.3650288588192993,2023-10-04T09:16:00+05:30,2023-10-04T09:19:00+05:30,9,3.0
5_INDIGO_exit,INDIGO,SHORT,-1,2023-10-04T03:46:00+00:00,2023-10-04T03:50:00+00:00,2407.15,2385.795987799147,1,1.406979175,0.7980487579188146,21.35401220085305,19.148984267934235,TARGET_HIT,True,2.2050279329188145,0.10326059160117593,2023-10-04T09:16:00+05:30,2023-10-04T09:20:00+05:30,9,4.0
61_KOTAKBANK_exit,KOTAKBANK,SHORT,-1,2023-10-04T03:46:00+00:00,2023-10-04T04:46:00+00:00,342.7,342.7,13,2.6040059499999995,1.4902309499999997,0.0,-4.094236899999999,TIME_EXIT,True,4.094236899999999,,2023-10-04T09:16:00+05:30,2023-10-04T10:16:00+05:30,9,60.0
61_SBIN_exit,SBIN,SHORT,-1,2023-10-04T03:46:00+00:00,2023-10-04T04:46:00+00:00,599.3,593.8034553996581,7,2.4520359499999995,1.3903907908182993,38.475812202392945,34.63338546157464,TARGET_HIT,True,3.842426740818299,0.0998660332524267,2023-10-04T09:16:00+05:30,2023-10-04T10:16:00+05:30,9,60.0
7_ETERNAL_exit,ETERNAL,SHORT,-1,2023-10-04T03:50:00+00:00,2023-10-04T03:52:00+00:00,102.85,103.22583621580812,48,2.8855595999999997,1.657394026281015,-18.040138358789818,-22.583091985070833,STOP_HIT,True,4.542953626281014,0.2518247663032762,2023-10-04T09:20:00+05:30,2023-10-04T09:22:00+05:30,9,2.0
17_MAXHEALTH_exit,MAXHEALTH,SHORT,-1,2023-10-04T03:50:00+00:00,2023-10-04T04:02:00+00:00,578.35,572.4784219686867,8,2.7043646,1.5319522571882054,46.97262425050667,42.73630739331847,TARGET_HIT,True,4.236316857188205,0.0901869317455158,2023-10-04T09:20:00+05:30,2023-10-04T09:32:00+05:30,9,12.0
56_M&M_exit,M&M,SHORT,-1,2023-10-04T03:51:00+00:00,2023-10-04T04:41:00+00:00,1513.15,1518.780686839327,3,2.6533085250000004,1.5240964192432644,-16.89206051798078,-21.069465462224045,STOP_HIT,True,4.177404944243265,0.24729990398723825,2023-10-04T09:21:00+05:30,2023-10-04T10:11:00+05:30,9,50.0
14_ETERNAL_exit,ETERNAL,SHORT,-1,2023-10-04T03:53:00+00:00,2023-10-04T03:59:00+00:00,103.2,103.52389302501189,51,3.0763403999999994,1.7660658530601903,-16.51854427560609,-21.36095052866628,STOP_HIT,True,4.84240625306019,0.29314969722914735,2023-10-04T09:23:00+05:30,2023-10-04T09:29:00+05:30,9,6.0
54_ETERNAL_exit,ETERNAL,SHORT,-1,2023-10-04T04:00:00+00:00,2023-10-04T04:39:00+00:00,103.5,102.58365239239484,51,3.08528325,1.7500258179880597,46.733727987863205,41.89841891987514,TARGET_HIT,True,4.835309067988059,0.10346508348839181,2023-10-04T09:30:00+05:30,2023-10-04T10:09:00+05:30,9,39.0
24_NTPC_exit,NTPC,SHORT,-1,2023-10-04T04:03:00+00:00,2023-10-04T04:09:00+00:00,233.4,234.21405101099847,22,3.0012906,1.7235812013899376,-17.909122241966315,-22.633994043356253,STOP_HIT,True,4.724871801389938,0.2638248674364498,2023-10-04T09:33:00+05:30,2023-10-04T09:39:00+05:30,9,6.0
47_TITAN_exit,TITAN,LONG,1,2023-10-04T04:12:00+00:00,2023-10-04T04:32:00+00:00,3193.25,3182.630567179509,1,1.0681421249999998,1.8602475665164229,-10.619432820491056,-13.547822512007478,STOP_HIT,True,2.928389691516423,0.27575763612025095,2023-10-04T09:42:00+05:30,2023-10-04T10:02:00+05:30,9,20.0
108_ASIANPAINT_exit,ASIANPAINT,SHORT,-1,2023-10-04T04:33:00+00:00,2023-10-04T05:33:00+00:00,3162.15,3169.9,1,1.8482766750000001,1.06033155,-7.75,-10.658608225000002,TIME_EXIT,True,2.908608225,0.3753042870967742,2023-10-04T10:03:00+05:30,2023-10-04T11:03:00+05:30,10,60.0
115_ETERNAL_exit,ETERNAL,SHORT,-1,2023-10-04T04:40:00+00:00,2023-10-04T05:40:00+00:00,102.65,102.5,50,2.99994625,1.7143125,7.500000000000284,2.7857412500002843,TIME_EXIT,True,4.71425875,0.6285678333333095,2023-10-04T10:10:00+05:30,2023-10-04T11:10:00+05:30,10,60.0
67_M&M_exit,M&M,SHORT,-1,2023-10-04T04:43:00+00:00,2023-10-04T04:52:00+00:00,1516.15,1521.2366531575087,3,2.6585690250000003,1.5265609814435597,-15.259959472525907,-19.445089478969464,STOP_HIT,True,4.1851300064435595,0.2742556435997412,2023-10-04T10:13:00+05:30,2023-10-04T10:22:00+05:30,10,9.0
93_INFY_exit,INFY,LONG,1,2023-10-04T04:47:00+00:00,2023-10-04T05:18:00+00:00,1396.1,1391.4907080697167,3,1.4009863499999997,2.439978956600248,-13.827875790849703,-17.66884109744995,STOP_HIT,True,3.8409653066002476,0.2777697286767591,2023-10-04T10:17:00+05:30,2023-10-04T10:48:00+05:30,10,31.0
107_KOTAKBANK_exit,KOTAKBANK,SHORT,-1,2023-10-04T04:49:00+00:00,2023-10-04T05:32:00+00:00,342.9,343.97035340490976,14,2.8059506999999995,1.610813164995192,-14.984947668736936,-19.40171153373213,STOP_HIT,True,4.4167638649951915,0.2947466993301469,2023-10-04T10:19:00+05:30,2023-10-04T11:02:00+05:30,10,43.0
130_SBIN_exit,SBIN,SHORT,-1,2023-10-04T04:55:00+00:00,2023-10-04T05:55:00+00:00,593.25,593.2,8,2.774037,1.5874032,0.3999999999996362,-3.9614402000003635,TIME_EXIT,True,4.3614402,10.903600500009915,2023-10-04T10:25:00+05:30,2023-10-04T11:25:00+05:30,10,60.0
106_ADANIENT_exit,ADANIENT,LONG,1,2023-10-04T05:19:00+00:00,2023-10-04T05:31:00+00:00,2355.5,2377.5268061656384,2,1.5758294999999998,2.7793288364076307,44.05361233127678,39.698453994869155,TARGET_HIT,True,4.35515833640763,0.09886041361733222,2023-10-04T10:49:00+05:30,2023-10-04T11:01:00+05:30,10,12.0
118_ADANIENT_exit,ADANIENT,LONG,1,2023-10-04T05:32:00+00:00,2023-10-04T05:43:00+00:00,2379.9,2401.4116691551235,2,1.5921531,2.8072502412423392,43.0233383102468,38.623934969004466,TARGET_HIT,True,4.399403341242339,0.10225620591125863,2023-10-04T11:02:00+05:30,2023-10-04T11:13:00+05:30,11,11.0
120_ASIANPAINT_exit,ASIANPAINT,SHORT,-1,2023-10-04T05:35:00+00:00,2023-10-04T05:45:00+00:00,3169.8,3180.483387702015,1,1.8527481000000001,1.063871693186324,-10.683387702014898,-13.60000749520122,STOP_HIT,True,2.916619793186324,0.2730051435497606,2023-10-04T11:05:00+05:30,2023-10-04T11:15:00+05:30,11,10.0
170_KOTAKBANK_exit,KOTAKBANK,SHORT,-1,2023-10-04T05:35:00+00:00,2023-10-04T06:35:00+00:00,344.2,343.5,13,2.6154037,1.4937097499999998,9.099999999999852,4.9908865499998525,TIME_EXIT,True,4.10911345,0.45155092857143586,2023-10-04T11:05:00+05:30,2023-10-04T12:05:00+05:30,11,60.0
152_ETERNAL_exit,ETERNAL,SHORT,-1,2023-10-04T05:41:00+00:00,2023-10-04T06:17:00+00:00,102.5,101.50990133368225,47,2.8158287499999997,1.5958879138174853,46.53463731693421,42.12292065311672,TARGET_HIT,True,4.411716663817485,0.0948050080152239,2023-10-04T11:11:00+05:30,2023-10-04T11:47:00+05:30,11,36.0
179_TCS_exit,TCS,LONG,1,2023-10-04T05:44:00+00:00,2023-10-04T06:44:00+00:00,3495.0,3492.6,1,1.1690775,2.0414247,-2.400000000000091,-5.6105022000000915,TIME_EXIT,True,3.2105021999999996,1.3377092499999492,2023-10-04T11:14:00+05:30,2023-10-04T12:14:00+05:30,11,60.0
131_COALINDIA_exit,COALINDIA,LONG,1,2023-10-04T05:47:00+00:00,2023-10-04T05:56:00+00:00,270.8,269.89015837029604,18,1.6304868000000001,2.8395143562138845,-16.37714933467157,-20.847150490885454,STOP_HIT,True,4.470001156213884,0.2729413443614744,2023-10-04T11:17:00+05:30,2023-10-04T11:26:00+05:30,11,9.0
151_SBIN_exit,SBIN,SHORT,-1,2023-10-04T05:56:00+00:00,2023-10-04T06:16:00+00:00,593.2,587.956398896559,7,2.4270778,1.3766999080162927,36.70520772408736,32.90143001607107,TARGET_HIT,True,3.803777708016293,0.10363046400960997,2023-10-04T11:26:00+05:30,2023-10-04T11:46:00+05:30,11,20.0
193_INDIGO_exit,INDIGO,SHORT,-1,2023-10-04T05:58:00+00:00,2023-10-04T06:58:00+00:00,2409.2,2400.0,2,2.8163547999999996,1.6056,18.399999999999636,13.978045199999638,TIME_EXIT,True,4.4219548,0.24032363043478736,2023-10-04T11:28:00+05:30,2023-10-04T12:28:00+05:30,11,60.0
212_SBIN_exit,SBIN,SHORT,-1,2023-10-04T06:17:00+00:00,2023-10-04T07:17:00+00:00,588.6,587.8,8,2.7522936,1.5729527999999997,6.400000000000546,2.0747536000005464,TIME_EXIT,True,4.325246399999999,0.6758197499999422,2023-10-04T11:47:00+05:30,2023-10-04T12:47:00+05:30,11,60.0
182_ETERNAL_exit,ETERNAL,SHORT,-1,2023-10-04T06:18:00+00:00,2023-10-04T06:47:00+00:00,101.55,101.96299539305399,48,2.8490868,1.6371178540308746,-19.82377886659151,-24.309983520622385,STOP_HIT,True,4.486204654030875,0.2263042119376824,2023-10-04T11:48:00+05:30,2023-10-04T12:17:00+05:30,11,29.0
233_KOTAKBANK_exit,KOTAKBANK,SHORT,-1,2023-10-04T06:38:00+00:00,2023-10-04T07:38:00+00:00,343.4,344.0,14,2.8100422,1.610952,-8.400000000000318,-12.820994200000317,TIME_EXIT,True,4.4209942,0.5263088333333134,2023-10-04T12:08:00+05:30,2023-10-04T13:08:00+05:30,12,60.0
242_SUNPHARMA_exit,SUNPHARMA,SHORT,-1,2023-10-04T06:47:00+00:00,2023-10-04T07:47:00+00:00,1115.9,1116.45,4,2.6089742000000005,1.4938101,-2.199999999999818,-6.302784299999819,TIME_EXIT,True,4.102784300000001,1.864901954545609,2023-10-04T12:17:00+05:30,2023-10-04T13:17:00+05:30,12,60.0
220_ETERNAL_exit,ETERNAL,SHORT,-1,2023-10-04T06:49:00+00:00,2023-10-04T07:25:00+00:00,101.95,100.78782493899628,52,3.0986683,1.7531034269889012,60.43310317219357,55.58133144520467,TARGET_HIT,True,4.851771726988901,0.08028334591994434,2023-10-04T12:19:00+05:30,2023-10-04T12:55:00+05:30,12,36.0
254_INDIGO_exit,INDIGO,SHORT,-1,2023-10-04T06:59:00+00:00,2023-10-04T07:59:00+00:00,2400.0,2385.0,2,2.8056,1.595565,30.0,25.598835,TIME_EXIT,True,4.401165,0.1467055,2023-10-04T12:29:00+05:30,2023-10-04T13:29:00+05:30,12,60.0
273_SBIN_exit,SBIN,SHORT,-1,2023-10-04T07:18:00+00:00,2023-10-04T08:18:00+00:00,587.65,586.5,9,3.0913328249999994,1.7656582499999998,10.349999999999795,5.493008924999796,TIME_EXIT,True,4.856991074999999,0.4692745000000092,2023-10-04T12:48:00+05:30,2023-10-04T13:48:00+05:30,12,60.0
238_ETERNAL_exit,ETERNAL,SHORT,-1,2023-10-04T07:26:00+00:00,2023-10-04T07:43:00+00:00,100.7,101.16501778962919,53,3.1195349500000003,1.793504017883441,-24.645942850346884,-29.55898181823033,STOP_HIT,True,4.913038967883441,0.19934473587462254,2023-10-04T12:56:00+05:30,2023-10-04T13:13:00+05:30,12,17.0
295_KOTAKBANK_exit,KOTAKBANK,SHORT,-1,2023-10-04T07:40:00+00:00,2023-10-04T08:40:00+00:00,344.1,344.7,15,3.01689675,1.7295322499999999,-8.999999999999488,-13.74642899999949,TIME_EXIT,True,4.746429,0.52738100000003,2023-10-04T13:10:00+05:30,2023-10-04T14:10:00+05:30,13,60.0
258_M&M_exit,M&M,LONG,1,2023-10-04T07:45:00+00:00,2023-10-04T08:03:00+00:00,1518.35,1512.6375216567396,3,1.5236642249999997,2.652409894225093,-17.137435029780818,-21.313509149005913,STOP_HIT,True,4.176074119225093,0.24368139759351742,2023-10-04T13:15:00+05:30,2023-10-04T13:33:00+05:30,13,18.0
254_ETERNAL_exit,ETERNAL,SHORT,-1,2023-10-04T07:51:00+00:00,2023-10-04T07:59:00+00:00,101.5,100.6211050919762,49,2.90701075,1.6492302230100357,43.06585049316598,38.50960952015595,TARGET_HIT,True,4.556240973010036,0.10579707403510015,2023-10-04T13:21:00+05:30,2023-10-04T13:29:00+05:30,13,8.0
260_ETERNAL_exit,ETERNAL,SHORT,-1,2023-10-04T08:00:00+00:00,2023-10-04T08:05:00+00:00,100.55,100.89008320508023,47,2.7622593249999996,1.5861434431086687,-15.983910638770979,-20.332313406879646,STOP_HIT,True,4.348402768108668,0.2720487411610693,2023-10-04T13:30:00+05:30,2023-10-04T13:35:00+05:30,13,5.0
315_INDIGO_exit,INDIGO,SHORT,-1,2023-10-04T08:00:00+00:00,2023-10-04T09:00:00+00:00,2385.0,2384.95,1,1.3940325,0.7977657749999999,0.0500000000001819,-2.141798274999818,TIME_EXIT,True,2.191798275,43.835965499840526,2023-10-04T13:30:00+05:30,2023-10-04T14:30:00+05:30,13,60.0
294_ETERNAL_exit,ETERNAL,SHORT,-1,2023-10-04T08:07:00+00:00,2023-10-04T08:39:00+00:00,100.9,101.24150797581449,50,2.9488024999999998,1.693264220895497,-17.075398790723995,-21.71746551161949,STOP_HIT,True,4.642066720895497,0.27185700186500145,2023-10-04T13:37:00+05:30,2023-10-04T14:09:00+05:30,13,32.0
328_SHRIRAMFIN_exit,SHRIRAMFIN,LONG,1,2023-10-04T08:13:00+00:00,2023-10-04T09:13:00+00:00,371.05,370.45,14,1.7376271499999998,3.03139235,-8.400000000000318,-13.169019500000317,TIME_EXIT,True,4.7690195,0.5677404166666451,2023-10-04T13:43:00+05:30,2023-10-04T14:43:00+05:30,13,60.0
334_SBIN_exit,SBIN,SHORT,-1,2023-10-04T08:19:00+00:00,2023-10-04T09:19:00+00:00,586.55,587.65,8,2.7427078,1.5725513999999998,-8.800000000000182,-13.115259200000182,TIME_EXIT,True,4.3152592,0.4903703636363535,2023-10-04T13:49:00+05:30,2023-10-04T14:49:00+05:30,13,60.0
342_HDFCBANK_exit,HDFCBANK,LONG,1,2023-10-04T08:41:00+00:00,2023-10-04T09:27:00+00:00,763.9,761.3180507654749,5,1.27762275,2.224952003362101,-12.909746172625205,-16.412320925987306,STOP_HIT,True,3.502574753362101,0.2713124415094406,2023-10-04T14:11:00+05:30,2023-10-04T14:57:00+05:30,14,46.0
357_POWERGRID_exit,POWERGRID,LONG,1,2023-10-04T08:42:00+00:00,2023-10-04T09:42:00+00:00,197.7,199.1,22,1.4548742999999997,2.5602269,30.800000000000125,26.784898800000125,TIME_EXIT,True,4.0151012,0.13036042857142804,2023-10-04T14:12:00+05:30,2023-10-04T15:12:00+05:30,14,60.0
319_BAJFINANCE_exit,BAJFINANCE,LONG,1,2023-10-04T09:01:00+00:00,2023-10-04T09:04:00+00:00,788.5,785.8906800311165,5,1.31876625,2.296765512390938,-13.046599844417415,-16.66213160680835,STOP_HIT,True,3.6155317623909378,0.2771244466379498,2023-10-04T14:31:00+05:30,2023-10-04T14:34:00+05:30,14,3.0
374_INDIGO_exit,INDIGO,SHORT,-1,2023-10-04T09:05:00+00:00,2023-10-04T09:59:00+00:00,2385.0,2392.7320620114847,1,1.3940325,0.8003688747428416,-7.732062011484686,-9.926463386227528,STOP_HIT,True,2.1944013747428417,0.2838054546747588,2023-10-04T14:35:00+05:30,2023-10-04T15:29:00+05:30,14,54.0
374_TCS_exit,TCS,LONG,1,2023-10-04T09:14:00+00:00,2023-10-04T09:59:00+00:00,3515.65,3547.408295055924,1,1.1759849249999998,2.0734601484601876,31.75829505592401,28.50884998246382,TARGET_HIT,True,3.2494450734601874,0.10231799495968391,2023-10-04T14:44:00+05:30,2023-10-04T15:29:00+05:30,14,45.0
eod_flatten_SBIN_750,SBIN,SHORT,-1,2023-10-04T09:21:00+00:00,2023-10-04T09:59:00+00:00,587.2,585.2,6,2.0593104,1.1744964,12.0,8.766193199999998,EOD_FLATTENING,True,3.2338068,0.2694839,2023-10-04T14:51:00+05:30,2023-10-04T15:29:00+05:30,14,38.0
eod_flatten_RELIANCE_750,RELIANCE,LONG,1,2023-10-04T09:34:00+00:00,2023-10-04T09:59:00+00:00,1156.2,1157.0,3,1.1602467,2.0287995,2.3999999999998636,-0.7890462000001364,EOD_FLATTENING,True,3.1890462,1.3287692500000754,2023-10-04T15:04:00+05:30,2023-10-04T15:29:00+05:30,15,25.0
eod_flatten_POWERGRID_750,POWERGRID,LONG,1,2023-10-04T09:44:00+00:00,2023-10-04T09:59:00+00:00,199.0,199.05,22,1.4644409999999999,2.5595839500000004,1.1000000000002501,-2.92402494999975,EOD_FLATTENING,True,4.02402495,3.6582044999991683,2023-10-04T15:14:00+05:30,2023-10-04T15:29:00+05:30,15,15.0
3_AXISBANK_exit,AXISBANK,SHORT,-1,2023-10-05T03:46:00+00:00,2023-10-05T03:48:00+00:00,989.6,992.4653023657232,4,2.3136848,1.3279185745653377,-11.461209462892839,-15.102812837458178,STOP_HIT,True,3.641603374565338,0.3177329047475752,2023-10-05T09:16:00+05:30,2023-10-05T09:18:00+05:30,9,2.0
61_SBIN_exit,SBIN,SHORT,-1,2023-10-05T03:46:00+00:00,2023-10-05T04:46:00+00:00,588.6,589.95,7,2.4082568999999996,1.3813679250000002,-9.45000000000016,-13.23962482500016,TIME_EXIT,True,3.7896248249999998,0.4010184999999932,2023-10-05T09:16:00+05:30,2023-10-05T10:16:00+05:30,9,60.0
3_TCS_exit,TCS,LONG,1,2023-10-05T03:47:00+00:00,2023-10-05T03:48:00+00:00,3575.0,3565.132249368009,1,1.1958375,2.0838197997556014,-9.86775063199093,-13.147407931746532,STOP_HIT,True,3.2796572997556015,0.3323611856508674,2023-10-05T09:17:00+05:30,2023-10-05T09:18:00+05:30,9,1.0
25_RELIANCE_exit,RELIANCE,LONG,1,2023-10-05T03:47:00+00:00,2023-10-05T04:10:00+00:00,1160.2,1156.4044485144161,4,1.5523475999999998,2.7036736006267046,-15.182205942335713,-19.43822714296242,STOP_HIT,True,4.256021200626704,0.2803295658609631,2023-10-05T09:17:00+05:30,2023-10-05T09:40:00+05:30,9,23.0
64_TITAN_exit,TITAN,LONG,1,2023-10-05T03:49:00+00:00,2023-10-05T04:49:00+00:00,3197.5,3212.4,1,1.06956375,1.8776478,14.900000000000091,11.95278845000009,TIME_EXIT,True,2.94721155,0.19779943288590485,2023-10-05T09:19:00+05:30,2023-10-05T10:19:00+05:30,9,60.0
31_BEL_exit,BEL,LONG,1,2023-10-05T03:54:00+00:00,2023-10-05T04:16:00+00:00,140.8,140.43135377087933,30,1.412928,2.462463788372369,-11.059386873620554,-14.934778661992922,STOP_HIT,True,3.8753917883723688,0.35041651337979346,2023-10-05T09:24:00+05:30,2023-10-05T09:46:00+05:30,9,22.0
16_SBILIFE_exit,SBILIFE,SHORT,-1,2023-10-05T03:56:00+00:00,2023-10-05T04:01:00+00:00,1269.25,1272.7210942099505,3,2.2256298749999996,1.2771756180396852,-10.413282629851437,-13.916088122891122,STOP_HIT,True,3.502805493039685,0.336378605820061,2023-10-05T09:26:00+05:30,2023-10-05T09:31:00+05:30,9,5.0
20_CIPLA_exit,CIPLA,SHORT,-1,2023-10-05T04:02:00+00:00,2023-10-05T04:05:00+00:00,1161.5,1165.2752646589788,3,2.03669025,1.169353728085285,-11.325793976936438,-14.531837955021723,STOP_HIT,True,3.206043978085285,0.2830745451148054,2023-10-05T09:32:00+05:30,2023-10-05T09:35:00+05:30,9,3.0
82_JIOFIN_exit,JIOFIN,SHORT,-1,2023-10-05T04:07:00+00:00,2023-10-05T05:07:00+00:00,225.3,225.05,18,2.3703813,1.3550260499999998,4.5,0.7745926500000002,TIME_EXIT,True,3.72540735,0.8278683,2023-10-05T09:37:00+05:30,2023-10-05T10:37:00+05:30,9,60.0
45_INDIGO_exit,INDIGO,SHORT,-1,2023-10-05T04:12:00+00:00,2023-10-05T04:30:00+00:00,2410.0,2418.118564761211,1,1.408645,0.8088606599126251,-8.118564761211019,-10.336070421123644,STOP_HIT,True,2.217505659912625,0.2731401085210839,2023-10-05T09:42:00+05:30,2023-10-05T10:00:00+05:30,9,18.0
93_LT_exit,LT,SHORT,-1,2023-10-05T04:18:00+00:00,2023-10-05T05:18:00+00:00,3042.9,3040.5,1,1.7785750499999997,1.0170472499999998,2.400000000000091,-0.3956222999999086,TIME_EXIT,True,2.7956223,1.1648426249999557,2023-10-05T09:48:00+05:30,2023-10-05T10:48:00+05:30,9,60.0
106_COALINDIA_exit,COALINDIA,SHORT,-1,2023-10-05T04:31:00+00:00,2023-10-05T05:31:00+00:00,266.85,266.3,18,2.8075288499999997,1.6033923,9.900000000000205,5.489078850000205,TIME_EXIT,True,4.41092115,0.4455475909090817,2023-10-05T10:01:00+05:30,2023-10-05T11:01:00+05:30,10,60.0
94_SBIN_exit,SBIN,SHORT,-1,2023-10-05T04:48:00+00:00,2023-10-05T05:19:00+00:00,590.05,591.897676210223,8,2.7590737999999995,1.5839181815385568,-14.78140968178468,-19.124401663323237,STOP_HIT,True,4.342991981538557,0.2938144652664949,2023-10-05T10:18:00+05:30,2023-10-05T10:49:00+05:30,10,31.0
95_KOTAKBANK_exit,KOTAKBANK,SHORT,-1,2023-10-05T04:50:00+00:00,2023-10-05T05:20:00+00:00,347.1,348.26945961619583,15,3.04319925,1.7474420136242625,-17.541894242937133,-22.332535506561396,STOP_HIT,True,4.790641263624263,0.27309714659539186,2023-10-05T10:20:00+05:30,2023-10-05T10:50:00+05:30,10,30.0
113_CIPLA_exit,CIPLA,SHORT,-1,2023-10-05T05:08:00+00:00,2023-10-05T05:38:00+00:00,1158.65,1162.5666763610986,4,2.7089237,1.5555142129711497,-15.66670544439421,-19.93114335736536,STOP_HIT,True,4.26443791297115,0.27219749092155376,2023-10-05T10:38:00+05:30,2023-10-05T11:08:00+05:30,10,30.0
132_SHRIRAMFIN_exit,SHRIRAMFIN,LONG,1,2023-10-05T05:19:00+00:00,2023-10-05T05:57:00+00:00,367.85,366.6038369665562,14,1.72264155,2.999919197897329,-17.446282468213894,-22.16884321611122,STOP_HIT,True,4.7225607478973295,0.2706915216179469,2023-10-05T10:49:00+05:30,2023-10-05T11:27:00+05:30,10,38.0
155_TATASTEEL_exit,TATASTEEL,LONG,1,2023-10-05T05:20:00+00:00,2023-10-05T06:20:00+00:00,119.07,119.17,41,1.6329855149999997,2.855849465,4.10000000000035,-0.38883497999965,TIME_EXIT,True,4.48883498,1.0948377999999066,2023-10-05T10:50:00+05:30,2023-10-05T11:50:00+05:30,10,60.0
156_AXISBANK_exit,AXISBANK,LONG,1,2023-10-05T05:21:00+00:00,2023-10-05T06:21:00+00:00,999.85,1001.1,4,1.3377993,2.3405718,5.0,1.3216288999999999,TIME_EXIT,True,3.6783711,0.73567422,2023-10-05T10:51:00+05:30,2023-10-05T11:51:00+05:30,10,60.0
167_COALINDIA_exit,COALINDIA,SHORT,-1,2023-10-05T05:32:00+00:00,2023-10-05T06:32:00+00:00,266.5,264.8,15,2.33653875,1.328634,25.49999999999983,21.83482724999983,TIME_EXIT,True,3.66517275,0.14373226470588332,2023-10-05T11:02:00+05:30,2023-10-05T12:02:00+05:30,11,60.0
129_CIPLA_exit,CIPLA,SHORT,-1,2023-10-05T05:39:00+00:00,2023-10-05T05:54:00+00:00,1163.05,1166.9649223946549,3,2.0394081749999997,1.171049299623036,-11.744767183964768,-14.955224658587804,STOP_HIT,True,3.210457474623036,0.2733521596755278,2023-10-05T11:09:00+05:30,2023-10-05T11:24:00+05:30,11,15.0
190_TCS_exit,TCS,SHORT,-1,2023-10-05T05:55:00+00:00,2023-10-05T06:55:00+00:00,3603.1,3587.0,1,2.10601195,1.1998514999999998,16.09999999999991,12.79413654999991,TIME_EXIT,True,3.30586345,0.20533313354037383,2023-10-05T11:25:00+05:30,2023-10-05T12:25:00+05:30,11,60.0
193_WIPRO_exit,WIPRO,SHORT,-1,2023-10-05T05:58:00+00:00,2023-10-05T06:58:00+00:00,194.95,194.55,22,2.5068620499999996,1.43169345,8.7999999999995,4.8614444999995,TIME_EXIT,True,3.9385554999999997,0.4475631250000254,2023-10-05T11:28:00+05:30,2023-10-05T12:28:00+05:30,11,60.0
216_TATASTEEL_exit,TATASTEEL,LONG,1,2023-10-05T06:21:00+00:00,2023-10-05T07:21:00+00:00,119.17,119.17,40,1.5944946,2.7861946,0.0,-4.3806892,TIME_EXIT,True,4.3806892,,2023-10-05T11:51:00+05:30,2023-10-05T12:51:00+05:30,11,60.0
169_HCLTECH_exit,HCLTECH,SHORT,-1,2023-10-05T06:27:00+00:00,2023-10-05T06:34:00+00:00,1231.4,1235.2651430369558,3,2.1592599000000003,1.239588571037585,-11.595429110867144,-14.99427758190473,STOP_HIT,True,3.398848471037585,0.29311968005153094,2023-10-05T11:57:00+05:30,2023-10-05T12:04:00+05:30,11,7.0
228_AXISBANK_exit,AXISBANK,LONG,1,2023-10-05T06:33:00+00:00,2023-10-05T07:33:00+00:00,1004.3,1005.1,4,1.3437533999999998,2.3499238,3.200000000000273,-0.4936771999997269,TIME_EXIT,True,3.6936771999999998,1.1542741249999016,2023-10-05T12:03:00+05:30,2023-10-05T13:03:00+05:30,12,60.0
193_COALINDIA_exit,COALINDIA,SHORT,-1,2023-10-05T06:36:00+00:00,2023-10-05T06:58:00+00:00,264.8,265.6549574204694,16,2.4764096,1.421785332114352,-13.67931872750978,-17.577513659624135,STOP_HIT,True,3.898194932114352,0.2849699615723472,2023-10-05T12:06:00+05:30,2023-10-05T12:28:00+05:30,12,22.0
251_TCS_exit,TCS,SHORT,-1,2023-10-05T06:56:00+00:00,2023-10-05T07:56:00+00:00,3586.9,3583.65,1,2.0965430499999997,1.198730925,3.25,-0.045273974999999744,TIME_EXIT,True,3.2952739749999997,1.0139304538461538,2023-10-05T12:26:00+05:30,2023-10-05T13:26:00+05:30,12,60.0
199_COALINDIA_exit,COALINDIA,SHORT,-1,2023-10-05T06:59:00+00:00,2023-10-05T07:04:00+00:00,265.65,266.5179535763874,16,2.4843588,1.4264040875408253,-13.887257222198969,-17.79802010973979,STOP_HIT,True,3.910762887540825,0.2816080112125681,2023-10-05T12:29:00+05:30,2023-10-05T12:34:00+05:30,12,5.0
254_WIPRO_exit,WIPRO,SHORT,-1,2023-10-05T06:59:00+00:00,2023-10-05T07:59:00+00:00,194.55,194.35,21,2.388003975,1.365211575,4.200000000000358,0.44678445000035794,TIME_EXIT,True,3.75321555,0.8936227499999239,2023-10-05T12:29:00+05:30,2023-10-05T13:29:00+05:30,12,60.0
227_COALINDIA_exit,COALINDIA,SHORT,-1,2023-10-05T07:05:00+00:00,2023-10-05T07:32:00+00:00,266.5,267.39196953996026,16,2.492308,1.4310818209778673,-14.271512639364119,-18.194902460341986,STOP_HIT,True,3.9233898209778673,0.27491058026717186,2023-10-05T12:35:00+05:30,2023-10-05T13:02:00+05:30,12,27.0
277_TATASTEEL_exit,TATASTEEL,LONG,1,2023-10-05T07:22:00+00:00,2023-10-05T08:22:00+00:00,119.22,119.37,40,1.5951635999999998,2.7908706,6.000000000000227,1.6139658000002282,TIME_EXIT,True,4.386034199999999,0.7310056999999721,2023-10-05T12:52:00+05:30,2023-10-05T13:52:00+05:30,12,60.0
291_AXISBANK_exit,AXISBANK,LONG,1,2023-10-05T07:36:00+00:00,2023-10-05T08:36:00+00:00,1005.15,1005.25,4,1.3448906999999999,2.3502745,0.40000000000009095,-3.295165199999909,TIME_EXIT,True,3.6951652,9.2379129999979,2023-10-05T13:06:00+05:30,2023-10-05T14:06:00+05:30,13,60.0
291_M&M_exit,M&M,LONG,1,2023-10-05T07:36:00+00:00,2023-10-05T08:36:00+00:00,1527.9,1535.05,3,1.53324765,2.691710175,21.44999999999959,17.22504217499959,TIME_EXIT,True,4.224957825,0.19696773076923452,2023-10-05T13:06:00+05:30,2023-10-05T14:06:00+05:30,13,60.0
314_TCS_exit,TCS,SHORT,-1,2023-10-05T07:59:00+00:00,2023-10-05T08:59:00+00:00,3586.9,3587.05,1,2.0965430499999997,1.199868225,-0.15000000000009095,-3.4464112750000906,TIME_EXIT,True,3.2964112749999996,21.976075166653338,2023-10-05T13:29:00+05:30,2023-10-05T14:29:00+05:30,13,60.0
302_POWERGRID_exit,POWERGRID,LONG,1,2023-10-05T08:00:00+00:00,2023-10-05T08:47:00+00:00,197.0,196.34642410965535,20,1.31793,2.295289697841871,-13.071517806893098,-16.68473750473497,STOP_HIT,True,3.613219697841871,0.27641929202257487,2023-10-05T13:30:00+05:30,2023-10-05T14:17:00+05:30,13,47.0
342_KOTAKBANK_exit,KOTAKBANK,SHORT,-1,2023-10-05T08:27:00+00:00,2023-10-05T09:27:00+00:00,347.0,347.3,11,2.2310365,1.27789035,-3.300000000000125,-6.808926850000125,TIME_EXIT,True,3.50892685,1.0633111666666264,2023-10-05T13:57:00+05:30,2023-10-05T14:57:00+05:30,13,60.0
329_ETERNAL_exit,ETERNAL,SHORT,-1,2023-10-05T08:37:00+00:00,2023-10-05T09:14:00+00:00,105.85,106.19471825584732,43,2.660380975,1.5274517300329797,-14.822885001435012,-19.01071770646799,STOP_HIT,True,4.18783270503298,0.2825248057060116,2023-10-05T14:07:00+05:30,2023-10-05T14:44:00+05:30,14,37.0
356_M&M_exit,M&M,LONG,1,2023-10-05T08:41:00+00:00,2023-10-05T09:41:00+00:00,1537.75,1534.5,3,1.5431321249999999,2.69074575,-9.75,-13.983877875,TIME_EXIT,True,4.233877875,0.4342438846153846,2023-10-05T14:11:00+05:30,2023-10-05T15:11:00+05:30,14,60.0
363_COALINDIA_exit,COALINDIA,SHORT,-1,2023-10-05T08:49:00+00:00,2023-10-05T09:48:00+00:00,268.75,269.55490416959475,17,2.670434375,1.5328239625604005,-13.68337088311074,-17.88662922067114,STOP_HIT,True,4.203258337560401,0.3071800343253463,2023-10-05T14:19:00+05:30,2023-10-05T15:18:00+05:30,14,59.0
326_TCS_exit,TCS,SHORT,-1,2023-10-05T09:00:00+00:00,2023-10-05T09:11:00+00:00,3587.05,3598.6759309410136,1,2.096630725,1.203757098899769,-11.625930941013394,-14.926318764913164,STOP_HIT,True,3.3003878238997686,0.28388159543050623,2023-10-05T14:30:00+05:30,2023-10-05T14:41:00+05:30,14,11.0
368_INFY_exit,INFY,LONG,1,2023-10-05T09:12:00+00:00,2023-10-05T09:53:00+00:00,1433.7,1429.0959248392726,3,1.43871795,2.505919704205664,-13.812225482182384,-17.75686313638805,STOP_HIT,True,3.944637654205664,0.28559030253989137,2023-10-05T14:42:00+05:30,2023-10-05T15:23:00+05:30,14,41.0
eod_flatten_ETERNAL_1125,ETERNAL,SHORT,-1,2023-10-05T09:16:00+00:00,2023-10-05T09:59:00+00:00,105.9,105.75,42,2.5997391,1.48568175,6.300000000000239,2.214579150000239,EOD_FLATTENING,True,4.08542085,0.6484794999999755,2023-10-05T14:46:00+05:30,2023-10-05T15:29:00+05:30,14,43.0
356_NTPC_exit,NTPC,LONG,1,2023-10-05T09:29:00+00:00,2023-10-05T09:41:00+00:00,233.75,232.9656060805604,19,1.4855981249999999,2.5871995383276634,-14.903484469352293,-18.976282132679955,STOP_HIT,True,4.0727976633276635,0.2732782170305887,2023-10-05T14:59:00+05:30,2023-10-05T15:11:00+05:30,14,12.0
eod_flatten_ASIANPAINT_1125,ASIANPAINT,SHORT,-1,2023-10-05T09:42:00+00:00,2023-10-05T09:59:00+00:00,3206.85,3202.0,1,1.874403825,1.0710689999999998,4.849999999999909,1.9045271749999093,EOD_FLATTENING,True,2.9454728249999995,0.6073139845360938,2023-10-05T15:12:00+05:30,2023-10-05T15:29:00+05:30,15,17.0
372_M&M_exit,M&M,LONG,1,2023-10-05T09:43:00+00:00,2023-10-05T09:57:00+00:00,1534.4,1547.8245056791166,3,1.5397704,2.714110270708331,40.27351703734939,36.01963636664106,TARGET_HIT,True,4.253880670708331,0.10562476246520289,2023-10-05T15:13:00+05:30,2023-10-05T15:27:00+05:30,15,14.0
eod_flatten_NTPC_1125,NTPC,LONG,1,2023-10-05T09:52:00+00:00,2023-10-05T09:59:00+00:00,234.65,234.3,18,1.4128276499999997,2.4650703,-6.299999999999898,-10.177897949999897,EOD_FLATTENING,True,3.8778979499999995,0.615539357142867,2023-10-05T15:22:00+05:30,2023-10-05T15:29:00+05:30,15,7.0
eod_flatten_HINDUNILVR_1125,HINDUNILVR,SHORT,-1,2023-10-05T09:57:00+00:00,2023-10-05T09:59:00+00:00,2513.6,2513.0,1,1.4691991999999998,0.8405984999999999,0.599999999999909,-1.7097977000000908,EOD_FLATTENING,True,2.3097977,3.8496628333339165,2023-10-05T15:27:00+05:30,2023-10-05T15:29:00+05:30,15,2.0
eod_flatten_M&M_1125,M&M,LONG,1,2023-10-05T09:58:00+00:00,2023-10-05T09:59:00+00:00,1547.5,1548.85,3,1.55291625,2.7159084749999995,4.049999999999727,-0.2188247250002724,EOD_FLATTENING,True,4.268824725,1.0540307962963673,2023-10-05T15:28:00+05:30,2023-10-05T15:29:00+05:30,15,1.0
2_ASIANPAINT_exit,ASIANPAINT,SHORT,-1,2023-10-06T03:46:00+00:00,2023-10-06T03:47:00+00:00,3197.65,3208.1097940114523,1,1.869026425,1.0731127260968307,-10.459794011452232,-13.401933162549062,STOP_HIT,True,2.9421391510968307,0.2812807927073457,2023-10-06T09:16:00+05:30,2023-10-06T09:17:00+05:30,9,1.0
5_ETERNAL_exit,ETERNAL,SHORT,-1,2023-10-06T03:46:00+00:00,2023-10-06T03:50:00+00:00,105.7,104.74111087216349,42,2.5948293000000002,1.4715078666430248,40.273343369133585,36.20700620249056,TARGET_HIT,True,4.0663371666430255,0.1009684527398726,2023-10-06T09:16:00+05:30,2023-10-06T09:20:00+05:30,9,4.0
61_HINDUNILVR_exit,HINDUNILVR,SHORT,-1,2023-10-06T03:46:00+00:00,2023-10-06T04:46:00+00:00,2508.3,2501.0,1,1.4661013500000002,0.8365845,7.300000000000182,4.997314150000181,TIME_EXIT,True,2.30268585,0.3154364178082113,2023-10-06T09:16:00+05:30,2023-10-06T10:16:00+05:30,9,60.0
29_M&M_exit,M&M,LONG,1,2023-10-06T03:47:00+00:00,2023-10-06T04:14:00+00:00,1547.35,1542.1177441271846,3,1.5527657249999998,2.704103464327018,-15.696767618446074,-19.953636807773094,STOP_HIT,True,4.256869189327018,0.2711939994782463,2023-10-06T09:17:00+05:30,2023-10-06T09:44:00+05:30,9,27.0
12_BAJAJFINSV_exit,BAJAJFINSV,LONG,1,2023-10-06T03:51:00+00:00,2023-10-06T03:57:00+00:00,1572.4,1587.3151035559156,2,1.0519356,1.8555713560568652,29.830207111830987,26.922700155774123,TARGET_HIT,True,2.9075069560568654,0.09746854740756111,2023-10-06T09:21:00+05:30,2023-10-06T09:27:00+05:30,9,6.0
8_ETERNAL_exit,ETERNAL,SHORT,-1,2023-10-06T03:52:00+00:00,2023-10-06T03:53:00+00:00,104.8,105.20050753756989,40,2.450224,1.407582790852685,-16.020301502795746,-19.87810829364843,STOP_HIT,True,3.8578067908526847,0.24080737745038372,2023-10-06T09:22:00+05:30,2023-10-06T09:23:00+05:30,9,1.0
67_LT_exit,LT,SHORT,-1,2023-10-06T03:52:00+00:00,2023-10-06T04:52:00+00:00,3083.0,3088.95,1,1.8020135,1.033253775,-5.949999999999818,-8.785267274999818,TIME_EXIT,True,2.8352672749999996,0.47651550840337586,2023-10-06T09:22:00+05:30,2023-10-06T10:22:00+05:30,9,60.0
25_ETERNAL_exit,ETERNAL,SHORT,-1,2023-10-06T03:55:00+00:00,2023-10-06T04:10:00+00:00,105.0,105.39508141574399,41,2.5162725,1.4454408440762208,-16.198338045503505,-20.160051389579724,STOP_HIT,True,3.9617133440762204,0.24457529735132008,2023-10-06T09:25:00+05:30,2023-10-06T09:40:00+05:30,9,15.0
14_BAJAJFINSV_exit,BAJAJFINSV,LONG,1,2023-10-06T03:58:00+00:00,2023-10-06T03:59:00+00:00,1588.55,1583.6315143026222,2,1.0627399499999999,1.8512652402197654,-9.836971394755437,-12.750976584975202,STOP_HIT,True,2.9140051902197652,0.29622991399297566,2023-10-06T09:28:00+05:30,2023-10-06T09:29:00+05:30,9,1.0
41_COALINDIA_exit,COALINDIA,SHORT,-1,2023-10-06T04:00:00+00:00,2023-10-06T04:26:00+00:00,269.05,270.00338753176356,17,2.673415325,1.5353742631993734,-16.207588039980408,-20.41637762817978,STOP_HIT,True,4.208789588199373,0.2596801928712189,2023-10-06T09:30:00+05:30,2023-10-06T09:56:00+05:30,9,26.0
27_ETERNAL_exit,ETERNAL,SHORT,-1,2023-10-06T04:11:00+00:00,2023-10-06T04:12:00+00:00,105.4,105.74729601157993,44,2.7106772,1.5563887026984335,-15.28102450951684,-19.548090412215274,STOP_HIT,True,4.267065902698434,0.27923951696046007,2023-10-06T09:41:00+05:30,2023-10-06T09:42:00+05:30,9,1.0
67_JSWSTEEL_exit,JSWSTEEL,SHORT,-1,2023-10-06T04:13:00+00:00,2023-10-06T04:52:00+00:00,760.95,763.6034580123372,6,2.66865165,1.5325521402307607,-15.920748074023095,-20.121951864253855,STOP_HIT,True,4.20120379023076,0.2638823107241805,2023-10-06T09:43:00+05:30,2023-10-06T10:22:00+05:30,9,39.0
90_ADANIENT_exit,ADANIENT,SHORT,-1,2023-10-06T04:15:00+00:00,2023-10-06T05:15:00+00:00,2413.0,2413.1,2,2.8207969999999998,1.6143638999999999,-0.1999999999998181,-4.635160899999818,TIME_EXIT,True,4.4351609,22.175804500020167,2023-10-06T09:45:00+05:30,2023-10-06T10:45:00+05:30,9,60.0
71_BAJFINANCE_exit,BAJFINANCE,SHORT,-1,2023-10-06T04:28:00+00:00,2023-10-06T04:56:00+00:00,794.0,796.5265758831124,6,2.7845579999999996,1.5986288377974063,-15.159455298674402,-19.54264213647181,STOP_HIT,True,4.383186837797406,0.2891388081853236,2023-10-06T09:58:00+05:30,2023-10-06T10:26:00+05:30,9,28.0
97_HINDUNILVR_exit,HINDUNILVR,SHORT,-1,2023-10-06T04:52:00+00:00,2023-10-06T05:22:00+00:00,2499.55,2507.741256523663,2,2.92197395,1.6776789006143307,-16.38251304732603,-20.982165897940362,STOP_HIT,True,4.599652850614331,0.2807660117423249,2023-10-06T10:22:00+05:30,2023-10-06T10:52:00+05:30,10,30.0
103_LT_exit,LT,SHORT,-1,2023-10-06T04:53:00+00:00,2023-10-06T05:28:00+00:00,3088.95,3099.0681478051147,1,1.805491275,1.0366382954408109,-10.118147805114859,-12.96027737555567,STOP_HIT,True,2.842129570440811,0.2808942530968046,2023-10-06T10:23:00+05:30,2023-10-06T10:58:00+05:30,10,35.0
128_JSWSTEEL_exit,JSWSTEEL,SHORT,-1,2023-10-06T04:53:00+00:00,2023-10-06T05:53:00+00:00,763.2,762.95,6,2.6765424000000007,1.53124065,1.5,-2.7077830500000006,TIME_EXIT,True,4.207783050000001,2.8051887000000004,2023-10-06T10:23:00+05:30,2023-10-06T11:23:00+05:30,10,60.0
90_KOTAKBANK_exit,KOTAKBANK,SHORT,-1,2023-10-06T04:57:00+00:00,2023-10-06T05:15:00+00:00,347.0,348.23350331681604,15,3.0423225,1.7472616028921242,-18.50254975224061,-23.292133855132736,STOP_HIT,True,4.789584102892125,0.2588607606533861,2023-10-06T10:27:00+05:30,2023-10-06T10:45:00+05:30,10,18.0
151_M&M_exit,M&M,LONG,1,2023-10-06T05:16:00+00:00,2023-10-06T06:16:00+00:00,1548.35,1549.55,3,1.5537692249999995,2.717135925,3.6000000000001364,-0.6709051499998631,TIME_EXIT,True,4.270905149999999,1.1863625416666215,2023-10-06T10:46:00+05:30,2023-10-06T11:46:00+05:30,10,60.0
151_TITAN_exit,TITAN,LONG,1,2023-10-06T05:16:00+00:00,2023-10-06T06:16:00+00:00,3263.2,3268.0,1,1.0915403999999997,1.9101460000000001,4.800000000000182,1.7983136000001823,TIME_EXIT,True,3.0016863999999996,0.6253513333333096,2023-10-06T10:46:00+05:30,2023-10-06T11:46:00+05:30,10,60.0
110_BAJAJFINSV_exit,BAJAJFINSV,LONG,1,2023-10-06T05:23:00+00:00,2023-10-06T05:35:00+00:00,1583.15,1597.5553411779188,2,1.05912735,1.8675421938369872,28.810682355837343,25.884012812000357,TARGET_HIT,True,2.9266695438369874,0.1015827916774076,2023-10-06T10:53:00+05:30,2023-10-06T11:05:00+05:30,10,12.0
164_TCS_exit,TCS,LONG,1,2023-10-06T05:29:00+00:00,2023-10-06T06:29:00+00:00,3594.35,3605.25,1,1.2023100749999998,2.107268625,10.900000000000091,7.5904213000000915,TIME_EXIT,True,3.3095787,0.30363107339449286,2023-10-06T10:59:00+05:30,2023-10-06T11:59:00+05:30,10,60.0
112_BAJAJFINSV_exit,BAJAJFINSV,LONG,1,2023-10-06T05:36:00+00:00,2023-10-06T05:37:00+00:00,1597.2,1591.875683686273,2,1.0685267999999999,1.8609026742292532,-10.648632627453935,-13.578062101683189,STOP_HIT,True,2.929429474229253,0.2750991208652179,2023-10-06T11:06:00+05:30,2023-10-06T11:07:00+05:30,11,1.0
173_BAJAJFINSV_exit,BAJAJFINSV,LONG,1,2023-10-06T05:38:00+00:00,2023-10-06T06:38:00+00:00,1591.6,1602.8,2,1.0647803999999998,1.8736731999999998,22.40000000000009,19.461546400000092,TIME_EXIT,True,2.9384536,0.13118096428571374,2023-10-06T11:08:00+05:30,2023-10-06T12:08:00+05:30,11,60.0
189_JSWSTEEL_exit,JSWSTEEL,SHORT,-1,2023-10-06T05:54:00+00:00,2023-10-06T06:54:00+00:00,762.95,761.4,5,2.2297213749999996,1.2734415,7.750000000000341,4.246837125000342,TIME_EXIT,True,3.5031628749999992,0.45202101612901224,2023-10-06T11:24:00+05:30,2023-10-06T12:24:00+05:30,11,60.0
212_TITAN_exit,TITAN,LONG,1,2023-10-06T06:17:00+00:00,2023-10-06T07:17:00+00:00,3268.0,3270.0,1,1.093146,1.9113149999999997,2.0,-1.0044609999999996,TIME_EXIT,True,3.0044609999999996,1.5022304999999998,2023-10-06T11:47:00+05:30,2023-10-06T12:47:00+05:30,11,60.0
205_BAJFINANCE_exit,BAJFINANCE,LONG,1,2023-10-06T06:37:00+00:00,2023-10-06T07:10:00+00:00,797.5,804.8119268861709,5,1.3338187499999998,2.3520628563248343,36.559634430854544,32.87375282452971,TARGET_HIT,True,3.685881606324834,0.10081833868705564,2023-10-06T12:07:00+05:30,2023-10-06T12:40:00+05:30,12,33.0
232_TCS_exit,TCS,LONG,1,2023-10-06T06:37:00+00:00,2023-10-06T07:37:00+00:00,3603.3,3597.75,1,1.20530385,2.102884875,-5.550000000000182,-8.858188725000183,TIME_EXIT,True,3.308188725,0.596070040540521,2023-10-06T12:07:00+05:30,2023-10-06T13:07:00+05:30,12,60.0
234_BAJAJFINSV_exit,BAJAJFINSV,LONG,1,2023-10-06T06:39:00+00:00,2023-10-06T07:39:00+00:00,1602.5,1614.5,2,1.0720725,1.8873505,24.0,21.040577,TIME_EXIT,True,2.959423,0.12330929166666667,2023-10-06T12:09:00+05:30,2023-10-06T13:09:00+05:30,12,60.0
217_JSWSTEEL_exit,JSWSTEEL,SHORT,-1,2023-10-06T06:55:00+00:00,2023-10-06T07:22:00+00:00,761.45,763.9691705100031,5,2.225337625,1.2777384376779801,-12.595852550015252,-16.098928612693232,STOP_HIT,True,3.50307606267798,0.2781134543110969,2023-10-06T12:25:00+05:30,2023-10-06T12:52:00+05:30,12,27.0
267_BAJFINANCE_exit,BAJFINANCE,LONG,1,2023-10-06T07:12:00+00:00,2023-10-06T08:12:00+00:00,807.0,810.5,5,1.3497074999999998,2.3686862499999997,17.5,13.78160625,TIME_EXIT,True,3.7183937499999997,0.21247964285714285,2023-10-06T12:42:00+05:30,2023-10-06T13:42:00+05:30,12,60.0
270_TITAN_exit,TITAN,LONG,1,2023-10-06T07:18:00+00:00,2023-10-06T08:15:00+00:00,3269.95,3299.7678123745986,1,1.093798275,1.928714286332953,29.817812374598816,26.795299813265864,TARGET_HIT,True,3.022512561332953,0.10136600644478432,2023-10-06T12:48:00+05:30,2023-10-06T13:45:00+05:30,12,57.0
303_LT_exit,LT,LONG,1,2023-10-06T07:48:00+00:00,2023-10-06T08:48:00+00:00,3098.05,3092.75,1,1.036297725,1.807712375,-5.300000000000182,-8.144010100000182,TIME_EXIT,True,2.8440101,0.5366056792452646,2023-10-06T13:18:00+05:30,2023-10-06T14:18:00+05:30,13,60.0
304_HINDALCO_exit,HINDALCO,LONG,1,2023-10-06T07:49:00+00:00,2023-10-06T08:49:00+00:00,472.2,472.85,8,1.2636071999999998,2.2110466,5.200000000000273,1.7253462000002728,TIME_EXIT,True,3.4746537999999996,0.6682026538461187,2023-10-06T13:19:00+05:30,2023-10-06T14:19:00+05:30,13,60.0
324_NTPC_exit,NTPC,LONG,1,2023-10-06T08:09:00+00:00,2023-10-06T09:09:00+00:00,235.6,236.5,16,1.2609312,2.211748,14.400000000000091,10.927320800000091,TIME_EXIT,True,3.4726792,0.24115827777777626,2023-10-06T13:39:00+05:30,2023-10-06T14:39:00+05:30,13,60.0
328_HCLTECH_exit,HCLTECH,SHORT,-1,2023-10-06T08:13:00+00:00,2023-10-06T09:13:00+00:00,1240.75,1240.25,3,2.175655125,1.2445908749999999,1.5,-1.920246,TIME_EXIT,True,3.4202459999999997,2.2801639999999996,2023-10-06T13:43:00+05:30,2023-10-06T14:43:00+05:30,13,60.0
272_TITAN_exit,TITAN,LONG,1,2023-10-06T08:16:00+00:00,2023-10-06T08:17:00+00:00,3302.3,3291.545993672978,1,1.1046193499999999,1.9239086333018558,-10.754006327022125,-13.782534310323982,STOP_HIT,True,3.0285279833018555,0.281618579272352,2023-10-06T13:46:00+05:30,2023-10-06T13:47:00+05:30,13,1.0
334_TITAN_exit,TITAN,LONG,1,2023-10-06T08:19:00+00:00,2023-10-06T09:19:00+00:00,3294.0,3298.35,1,1.101843,1.927885575,4.349999999999909,1.3202714249999095,TIME_EXIT,True,3.029728575,0.6964893275862215,2023-10-06T13:49:00+05:30,2023-10-06T14:49:00+05:30,13,60.0
365_BAJFINANCE_exit,BAJFINANCE,LONG,1,2023-10-06T08:50:00+00:00,2023-10-06T09:50:00+00:00,815.5,817.0,5,1.3639237499999999,2.3876824999999995,7.5,3.748393750000001,TIME_EXIT,True,3.751606249999999,0.5002141666666665,2023-10-06T14:20:00+05:30,2023-10-06T15:20:00+05:30,14,60.0
365_HINDALCO_exit,HINDALCO,LONG,1,2023-10-06T08:50:00+00:00,2023-10-06T09:50:00+00:00,472.85,471.8,9,1.423514925,2.4819039,-9.450000000000102,-13.3554188250001,TIME_EXIT,True,3.905418825,0.41327183333332884,2023-10-06T14:20:00+05:30,2023-10-06T15:20:00+05:30,14,60.0
365_NTPC_exit,NTPC,LONG,1,2023-10-06T09:10:00+00:00,2023-10-06T09:50:00+00:00,236.45,235.71560079030365,17,1.3445729249999996,2.3421880672528523,-12.484786564837691,-16.17154755709054,STOP_HIT,True,3.686760992252852,0.2953002819156149,2023-10-06T14:40:00+05:30,2023-10-06T15:20:00+05:30,14,40.0
eod_flatten_HCLTECH_1500,HCLTECH,SHORT,-1,2023-10-06T09:15:00+00:00,2023-10-06T09:59:00+00:00,1239.1,1235.7,3,2.1727618499999997,1.24002495,10.19999999999959,6.78721319999959,EOD_FLATTENING,True,3.4127867999999997,0.33458694117648397,2023-10-06T14:45:00+05:30,2023-10-06T15:29:00+05:30,14,44.0
eod_flatten_TCS_1500,TCS,LONG,1,2023-10-06T09:27:00+00:00,2023-10-06T09:59:00+00:00,3624.7,3621.25,1,1.2124621499999997,2.116620625,-3.449999999999818,-6.779082774999818,EOD_FLATTENING,True,3.329082775,0.964951528985558,2023-10-06T14:57:00+05:30,2023-10-06T15:29:00+05:30,14,32.0
eod_flatten_KOTAKBANK_1500,KOTAKBANK,SHORT,-1,2023-10-06T09:51:00+00:00,2023-10-06T09:59:00+00:00,348.5,348.4,12,2.444379,1.3984775999999997,1.2000000000002728,-2.642856599999727,EOD_FLATTENING,True,3.8428565999999997,3.2023804999992715,2023-10-06T15:21:00+05:30,2023-10-06T15:29:00+05:30,15,8.0
374_TITAN_exit,TITAN,LONG,1,2023-10-06T09:52:00+00:00,2023-10-06T09:59:00+00:00,3316.0,3304.9324917162535,1,1.1092019999999998,1.9317330414081502,-11.06750828374652,-14.10844332515467,STOP_HIT,True,3.04093504140815,0.2747623912668758,2023-10-06T15:22:00+05:30,2023-10-06T15:29:00+05:30,15,7.0
eod_flatten_BAJFINANCE_1500,BAJFINANCE,LONG,1,2023-10-06T09:52:00+00:00,2023-10-06T09:59:00+00:00,817.0,815.0,5,1.3664324999999997,2.3818375,-10.0,-13.74827,EOD_FLATTENING,True,3.7482699999999998,0.37482699999999997,2023-10-06T15:22:00+05:30,2023-10-06T15:29:00+05:30,15,7.0
