symbol,gross_r,net_r,exit_reason,bars_held,size_mult
AXISBANK,-0.5,-0.525,STOP_LOSS,6,0.5
AXISBANK,1.6125,1.5875,VWAP_Z_TARGET,12,0.5
AXISBANK,-0.5,-0.525,STOP_LOSS,36,0.5
AXISBANK,-0.5481,-0.5755,STOP_LOSS,5,0.5480983088556972
AXISBANK,-0.6733,-0.7069,STOP_LOSS,13,0.6732737679557697
AXISBANK,1.173,1.1381,VWAP_Z_TARGET,19,0.6986921956474927
AXISBANK,0.44,0.4101,VWAP_Z_TARGET,1,0.5997199244096504
AXISBANK,0.1047,0.0745,VWAP_Z_TARGET,4,0.6025332906361466
AXISBANK,-0.6257,-0.657,STOP_LOSS,8,0.6256799773465506
AXISBANK,-0.6935,-0.7282,STOP_LOSS,10,0.6935031880276832
BAJAJFINSV,-0.7586,-0.7966,STOP_LOSS,3,0.7586481606328257
BAJAJFINSV,1.7035,1.6622,VWAP_Z_TARGET,18,0.8256660308176776
BAJAJFINSV,-0.653,-0.6856,STOP_LOSS,27,0.6529662215723744
BAJAJFINSV,-0.6315,-0.6631,STOP_LOSS,8,0.6314802186684326
BAJAJFINSV,2.5315,2.4971,VWAP_Z_TARGET,17,0.6867780760953209
BAJAJFINSV,1.5384,1.5018,TIME_HORIZON,40,0.7321280007714706
BAJAJFINSV,-0.5875,-0.6169,STOP_LOSS,1,0.5874896005400294
BAJAJFINSV,-0.7461,-0.7834,STOP_LOSS,5,0.7460500701890544
BAJAJFINSV,-0.5972,-0.6271,STOP_LOSS,7,0.597235049132338
BAJAJFINSV,-0.7931,-0.8327,STOP_LOSS,3,0.7930645343926366
BAJAJFINSV,-0.9055,-0.9508,STOP_LOSS,35,0.9055341343670779
BAJAJFINSV,1.1369,1.0994,VWAP_Z_TARGET,4,0.7509883297113763
BAJAJFINSV,-0.8207,-0.8618,STOP_LOSS,20,0.8207449141501248
BAJAJFINSV,-0.8433,-0.8854,STOP_LOSS,7,0.8432669669473143
BAJFINANCE,0.7187,0.6854,VWAP_Z_TARGET,1,0.6652868768631199
BAJFINANCE,-0.5446,-0.5718,STOP_LOSS,1,0.5445658977648093
BAJFINANCE,-0.6148,-0.6455,STOP_LOSS,16,0.6147595909951116
BAJFINANCE,-0.5726,-0.6012,STOP_LOSS,2,0.5725852348233387
BAJFINANCE,2.7686,2.74,TIME_HORIZON,40,0.5735012164392054
BAJFINANCE,-0.5,-0.525,STOP_LOSS,4,0.5
BAJFINANCE,1.1463,1.1132,TIME_HORIZON,40,0.6632453257849403
BAJFINANCE,-0.7942,-0.8339,STOP_LOSS,7,0.7942331511098953
BAJFINANCE,-0.931,-0.9775,STOP_LOSS,39,0.9309632057769267
BAJFINANCE,2.1625,2.1128,TIME_HORIZON,40,0.9929643440783432
BAJFINANCE,-0.8223,-0.8634,STOP_LOSS,5,0.8222738207226592
BEL,-0.8585,-0.9014,STOP_LOSS,21,0.8584845813208765
BEL,3.409,3.3615,VWAP_Z_TARGET,31,0.9496505471308064
BEL,-0.9377,-0.9846,STOP_LOSS,3,0.9377076517010433
BEL,0.79,0.7493,VWAP_Z_TARGET,1,0.812538024618743
BEL,2.3245,2.2818,VWAP_Z_TARGET,11,0.8538986324522196
BEL,0.5713,0.526,TIME_HORIZON,50,0.9058542070604999
BEL,0.5846,0.537,TIME_HORIZON,50,0.9520593501872784
BEL,-0.9632,-1.0114,STOP_LOSS,10,0.9632410959452341
BEL,-0.8264,-0.8677,STOP_LOSS,4,0.8263942732345427
BEL,-0.8877,-0.9321,STOP_LOSS,2,0.8876758502701734
BEL,2.1248,2.0804,TIME_HORIZON,50,0.8878687339782434
BEL,-0.9965,-1.0463,STOP_LOSS,33,0.9965081137847703
BEL,-1.0221,-1.0732,STOP_LOSS,10,1.0220555156611588
BEL,1.9705,1.9162,TIME_HORIZON,50,1.0857884399370419
BEL,3.3978,3.3444,TIME_HORIZON,50,1.0678872333211402
BEL,4.3654,4.3092,TIME_HORIZON,50,1.1225210633247982
BEL,-1.1608,-1.2188,STOP_LOSS,33,1.1607647443273585
BEL,1.5251,1.4807,VWAP_Z_TARGET,1,0.887535321029151
BEL,0.6406,0.6035,VWAP_Z_TARGET,3,0.741213764598477
BEL,-0.8938,-0.9385,STOP_LOSS,8,0.8938496352189338
BEL,-0.905,-0.9503,STOP_LOSS,34,0.9050296615178604
BEL,-0.9447,-0.992,STOP_LOSS,18,0.9447363439893014
CIPLA,0.1293,0.0775,TIME_HORIZON,50,1.0361679511268154
CIPLA,-1.0379,-1.0897,STOP_LOSS,2,1.0378557920884572
CIPLA,-1.1015,-1.1566,STOP_LOSS,2,1.10149905446192
CIPLA,-0.8612,-0.9043,STOP_LOSS,3,0.8612259111151149
CIPLA,6.3887,6.3398,VWAP_Z_TARGET,35,0.9778581377805804
CIPLA,5.293,5.2437,VWAP_Z_TARGET,28,0.9847565755739782
CIPLA,5.0277,4.985,VWAP_Z_TARGET,16,0.8538803542050681
CIPLA,-0.8853,-0.9296,STOP_LOSS,35,0.8853062870462373
CIPLA,2.1723,2.1332,VWAP_Z_TARGET,45,0.7830372268177694
CIPLA,-0.8597,-0.9027,STOP_LOSS,3,0.8597208846742086
CIPLA,3.1193,3.0761,TIME_HORIZON,50,0.8641268941534439
CIPLA,-0.8898,-0.9343,STOP_LOSS,51,0.8898124763483038
CIPLA,2.2175,2.1676,TIME_HORIZON,50,0.9978687334438127
CIPLA,0.5094,0.467,VWAP_Z_TARGET,1,0.8489549985545496
CIPLA,-0.6693,-0.7027,STOP_LOSS,4,0.6692684989881846
CIPLA,0.4631,0.436,VWAP_Z_TARGET,2,0.5434879492917292
CIPLA,-0.6892,-0.7237,STOP_LOSS,1,0.6891952254218784
CIPLA,0.5574,0.5296,TIME_HORIZON,50,0.5574366577953148
CIPLA,0.6694,0.6369,TIME_HORIZON,50,0.6499835875124848
CIPLA,-0.8056,-0.8459,STOP_LOSS,51,0.8055959534493558
CIPLA,-0.6389,-0.6709,STOP_LOSS,2,0.638917167414549
CIPLA,-0.7809,-0.8199,STOP_LOSS,7,0.7808649977444537
CIPLA,0.3308,0.2965,VWAP_Z_TARGET,1,0.6844042838341058
CIPLA,-0.7939,-0.8335,STOP_LOSS,35,0.7938568846485455
CIPLA,-0.746,-0.7833,STOP_LOSS,5,0.7459706701708777
COALINDIA,2.65,2.612,VWAP_Z_TARGET,50,0.7588576698116547
COALINDIA,-0.7435,-0.7807,STOP_LOSS,50,0.7435123989433453
COALINDIA,-0.7223,-0.7584,STOP_LOSS,28,0.722300499412035
COALINDIA,1.204,1.1642,VWAP_Z_TARGET,30,0.7978473730151573
COALINDIA,2.1044,2.0613,TIME_HORIZON,50,0.8608741134915806
COALINDIA,0.842,0.796,TIME_HORIZON,50,0.9201677221614756
COALINDIA,1.8772,1.8301,VWAP_Z_TARGET,23,0.9434881815559166
COALINDIA,-0.9329,-0.9796,STOP_LOSS,20,0.9329457070755066
COALINDIA,1.2977,1.256,TIME_HORIZON,50,0.834247561963161
COALINDIA,-0.856,-0.8988,STOP_LOSS,12,0.8559764171539836
COALINDIA,3.369,3.3266,VWAP_Z_TARGET,32,0.8482626358604684
COALINDIA,-0.2397,-0.2821,TIME_HORIZON,50,0.8475815790511406
COALINDIA,-0.9049,-0.9501,STOP_LOSS,48,0.9049033400644145
COALINDIA,-1.0084,-1.0589,STOP_LOSS,12,1.0084323380450904
COALINDIA,-0.9887,-1.0381,STOP_LOSS,6,0.9886672719744095
COALINDIA,-1.0515,-1.104,STOP_LOSS,24,1.0514748633617312
COALINDIA,1.5553,1.5066,VWAP_Z_TARGET,4,0.973149222911631
COALINDIA,-0.8126,-0.8533,STOP_LOSS,23,0.8126471194166847
DRREDDY,-0.8138,-0.8544,STOP_LOSS,7,0.8137509427753596
DRREDDY,-0.9319,-0.9785,STOP_LOSS,4,0.9319045041260915
DRREDDY,-0.7273,-0.7637,STOP_LOSS,1,0.7273331528882641
DRREDDY,-0.8841,-0.9283,STOP_LOSS,3,0.8841332070217848
DRREDDY,-0.9288,-0.9753,STOP_LOSS,47,0.9288103640921587
DRREDDY,-0.834,-0.8757,STOP_LOSS,30,0.8339894648168782
DRREDDY,0.365,0.332,VWAP_Z_TARGET,1,0.6587926253718146
DRREDDY,0.4288,0.398,TIME_HORIZON,50,0.6161899665658922
DRREDDY,-0.7586,-0.7965,STOP_LOSS,13,0.7586057038688616
DRREDDY,-0.6336,-0.6653,STOP_LOSS,2,0.6335880952722998
DRREDDY,2.0755,2.0402,VWAP_Z_TARGET,1,0.7059611956273528
DRREDDY,0.8101,0.7816,VWAP_Z_TARGET,2,0.569172836939147
DRREDDY,2.9575,2.924,TIME_HORIZON,50,0.6712651613490749
DRREDDY,0.8163,0.7806,TIME_HORIZON,50,0.7129810098756306
DRREDDY,1.3769,1.3482,VWAP_Z_TARGET,20,0.5740867069129414
DRREDDY,-0.7712,-0.8098,STOP_LOSS,26,0.7712091863126045
DRREDDY,1.0579,1.0146,TIME_HORIZON,50,0.8666513961163076
DRREDDY,-0.8248,-0.866,STOP_LOSS,2,0.8247995509829568
DRREDDY,5.9756,5.928,VWAP_Z_TARGET,20,0.9509162965353752
DRREDDY,-0.9253,-0.9715,STOP_LOSS,17,0.9252749218383127
DRREDDY,-1.0227,-1.0738,STOP_LOSS,16,1.022692445286819
HCLTECH,-0.9961,-1.0459,STOP_LOSS,45,0.9961010827134111
HCLTECH,-0.9579,-1.0058,STOP_LOSS,3,0.9578583972104431
HCLTECH,1.679,1.6314,TIME_HORIZON,50,0.9515241427186517
HCLTECH,0.7921,0.7551,VWAP_Z_TARGET,27,0.7410668999030561
HCLTECH,-0.5937,-0.6234,STOP_LOSS,1,0.5937468299321392
HCLTECH,-0.5543,-0.5821,STOP_LOSS,2,0.554334792529926
HCLTECH,-0.5913,-0.6294,TIME_HORIZON,50,0.7630343547709483
HCLTECH,2.9779,2.9385,VWAP_Z_TARGET,21,0.788257971449176
HCLTECH,-0.8147,-0.8555,STOP_LOSS,13,0.8147492641879808
HCLTECH,-0.9453,-0.9926,STOP_LOSS,29,0.9453244849315865
HCLTECH,-1.0367,-1.0886,STOP_LOSS,2,1.0367271394521105
HCLTECH,-1.0995,-1.1545,STOP_LOSS,3,1.0995314754650882
HCLTECH,0.4471,0.4049,VWAP_Z_TARGET,2,0.8446720328255617
HCLTECH,3.1798,3.1329,VWAP_Z_TARGET,30,0.9386740491000447
HCLTECH,-0.7609,-0.7989,STOP_LOSS,17,0.7608936583025533
HCLTECH,-0.8532,-0.8959,STOP_LOSS,5,0.8532110008422069
HDFCBANK,0.6406,0.607,VWAP_Z_TARGET,1,0.6722477005895447
HDFCBANK,0.191,0.1637,VWAP_Z_TARGET,5,0.5455733904126813
HDFCBANK,-0.675,-0.7088,STOP_LOSS,35,0.6750364571231066
HDFCBANK,2.988,2.9468,TIME_HORIZON,40,0.8232180407617901
HDFCBANK,0.2012,0.156,TIME_HORIZON,40,0.9055643068008495
HDFCBANK,-0.8442,-0.8864,STOP_LOSS,8,0.8441791825549158
HDFCBANK,-0.6925,-0.7271,STOP_LOSS,2,0.692451368785392
HDFCBANK,0.197,0.1645,TIME_HORIZON,40,0.6500151677846933
HDFCBANK,0.5629,0.5224,TIME_HORIZON,40,0.8106114321132432
HDFCBANK,-0.7716,-0.8101,STOP_LOSS,29,0.7715658211646218
HDFCBANK,-0.9151,-0.9609,STOP_LOSS,5,0.9150960748152351
HDFCBANK,2.6708,2.6225,VWAP_Z_TARGET,20,0.9657860596167425
HDFCBANK,0.4641,0.4194,VWAP_Z_TARGET,3,0.8951139850653368
HDFCBANK,1.8096,1.7637,VWAP_Z_TARGET,34,0.9195892828264592
HDFCBANK,-1.0025,-1.0526,STOP_LOSS,6,1.0024844278030836
HDFCBANK,1.3257,1.2751,VWAP_Z_TARGET,2,1.012644547415608
HDFCBANK,2.7397,2.6855,VWAP_Z_TARGET,34,1.0838511831909257
HDFCBANK,-1.1337,-1.1904,STOP_LOSS,4,1.1336958282336478
HDFCBANK,1.9058,1.8473,TIME_HORIZON,40,1.1685870797635536
HDFCBANK,-1.193,-1.2527,STOP_LOSS,1,1.1930109558344875
HDFCBANK,-1.1064,-1.1617,STOP_LOSS,37,1.1063879459007502
HDFCBANK,-0.9353,-0.9821,STOP_LOSS,12,0.9353498056434928
HINDALCO,2.5545,2.5053,VWAP_Z_TARGET,23,0.9853241185530481
HINDALCO,-1.0647,-1.118,STOP_LOSS,3,1.0647268829871337
HINDALCO,0.4499,0.4085,VWAP_Z_TARGET,1,0.8276355645424226
HINDALCO,0.2561,0.2234,VWAP_Z_TARGET,1,0.6543448951796959
HINDALCO,2.3622,2.3206,VWAP_Z_TARGET,5,0.833041426625787
HINDALCO,-0.9581,-1.006,STOP_LOSS,5,0.9581289986380509
HINDALCO,1.6798,1.6343,TIME_HORIZON,50,0.9085650393256536
HINDALCO,0.8232,0.7876,VWAP_Z_TARGET,5,0.7109955275279575
HINDALCO,-0.7827,-0.8219,STOP_LOSS,8,0.7827252167183001
HINDALCO,1.1809,1.143,TIME_HORIZON,50,0.759172337259137
HINDALCO,1.7187,1.6839,TIME_HORIZON,50,0.695266009686714
HINDALCO,5.0697,5.0284,VWAP_Z_TARGET,20,0.8262444203429637
HINDALCO,-0.8587,-0.9016,STOP_LOSS,6,0.8586751407413027
HINDALCO,-0.9123,-0.958,STOP_LOSS,10,0.9123334262378711
HINDALCO,-0.9077,-0.9531,STOP_LOSS,14,0.907740558202964
HINDALCO,-0.9833,-1.0325,STOP_LOSS,13,0.9833303891124134
HINDALCO,0.1472,0.109,VWAP_Z_TARGET,17,0.7633312723786894
HINDALCO,-0.6338,-0.6654,STOP_LOSS,47,0.6337580405723772
HINDALCO,0.1256,0.0997,VWAP_Z_TARGET,1,0.518630628400664
ICICIBANK,-0.6201,-0.6511,STOP_LOSS,21,0.6200680348521225
ICICIBANK,0.388,0.3616,VWAP_Z_TARGET,2,0.5271112831544215
ICICIBANK,1.2104,1.1798,TIME_HORIZON,40,0.6127773705036209
ICICIBANK,0.3038,0.2742,VWAP_Z_TARGET,1,0.5930266443434017
ICICIBANK,-0.6934,-0.7281,STOP_LOSS,3,0.6933840820597957
ICICIBANK,2.6017,2.5654,VWAP_Z_TARGET,22,0.7247506548087742
ICICIBANK,3.0785,3.0344,VWAP_Z_TARGET,37,0.882325458366142
ICICIBANK,-0.8538,-0.8965,STOP_LOSS,2,0.8537992245505629
ICICIBANK,2.8789,2.8311,VWAP_Z_TARGET,11,0.9577614428146864
ICICIBANK,-1.0434,-1.0956,STOP_LOSS,23,1.0434030954403666
ICICIBANK,1.0447,0.9956,VWAP_Z_TARGET,1,0.9807570877586592
ICICIBANK,3.1363,3.0846,VWAP_Z_TARGET,27,1.033930289810632
ICICIBANK,-0.8544,-0.8971,STOP_LOSS,5,0.8543929557314149
ICICIBANK,-0.9377,-0.9846,STOP_LOSS,2,0.9376734718821919
ICICIBANK,-1.0264,-1.0777,STOP_LOSS,34,1.0264192457717778
ICICIBANK,-0.9939,-1.0436,STOP_LOSS,3,0.9938842054167363
INDIGO,-0.79,-0.8295,STOP_LOSS,5,0.7899904762738535
INDIGO,-0.6646,-0.6978,STOP_LOSS,37,0.664599006095795
INDIGO,-0.8128,-0.8534,STOP_LOSS,12,0.8127771276246736
INDIGO,-0.8608,-0.9038,STOP_LOSS,28,0.8607561891318087
INDIGO,-0.8635,-0.9067,STOP_LOSS,6,0.8635462815448105
INDIGO,-0.8485,-0.8909,STOP_LOSS,9,0.8485228734850623
INDIGO,1.8978,1.8493,TIME_HORIZON,50,0.9689660114395434
INDIGO,-0.7533,-0.7909,STOP_LOSS,3,0.7532762080076804
INDIGO,1.5024,1.4723,VWAP_Z_TARGET,30,0.6022933456053762
INDIGO,-0.726,-0.7623,STOP_LOSS,1,0.7260303905192615
INDIGO,-0.8832,-0.9274,STOP_LOSS,37,0.883221273363483
INDIGO,-0.9933,-1.0429,STOP_LOSS,32,0.993254891354438
INDIGO,-1.0271,-1.0784,STOP_LOSS,13,1.0270652179768365
INDIGO,3.3326,3.2804,TIME_HORIZON,50,1.0426902001735276
INDIGO,-0.8049,-0.8451,STOP_LOSS,3,0.8048831401214693
INDIGO,-0.9384,-0.9853,STOP_LOSS,47,0.9384181980850285
INDIGO,-1.0306,-1.0822,STOP_LOSS,4,1.0306191415558217
INDIGO,0.0467,0.0067,VWAP_Z_TARGET,10,0.7992773624771335
INDIGO,-0.8555,-0.8983,STOP_LOSS,1,0.8554952418732755
INDIGO,1.2286,1.1885,TIME_HORIZON,50,0.8011456526754317
INDIGO,-0.9358,-0.9826,STOP_LOSS,13,0.9358019568728022
INDIGO,-0.7301,-0.7666,STOP_LOSS,12,0.7300613698109615
INDIGO,-0.754,-0.7917,STOP_LOSS,46,0.7539634627142585
INDIGO,-0.8908,-0.9353,STOP_LOSS,2,0.8907858878433106
INDIGO,6.1291,6.0791,VWAP_Z_TARGET,16,0.9985501214903174
INDIGO,0.5345,0.4821,TIME_HORIZON,50,1.0487236533481819
INDIGO,-0.9265,-0.9728,STOP_LOSS,4,0.9264672878056001
INDIGO,5.7595,5.7151,TIME_HORIZON,50,0.8876523005471683
INDIGO,-0.9942,-1.0439,STOP_LOSS,1,0.9942087247611423
INFY,-1.0534,-1.1061,STOP_LOSS,10,1.053437737936194
INFY,-0.9843,-1.0335,STOP_LOSS,33,0.9842687405830282
INFY,-0.3405,-0.3908,TIME_HORIZON,50,1.0068083821848168
INFY,-1.0798,-1.1338,STOP_LOSS,10,1.0797658675293718
INFY,0.5057,0.4618,VWAP_Z_TARGET,2,0.8791834047059267
INFY,-0.8926,-0.9372,STOP_LOSS,4,0.8925918365414844
INFY,0.2405,0.2055,VWAP_Z_TARGET,2,0.6998142855790391
INFY,-0.5649,-0.5931,STOP_LOSS,1,0.5648699999053274
INFY,0.7119,0.6869,VWAP_Z_TARGET,3,0.5
INFY,-0.6465,-0.6788,STOP_LOSS,3,0.6465099503392071
INFY,-0.7951,-0.8349,STOP_LOSS,7,0.7951043907117002
INFY,0.3563,0.3165,TIME_HORIZON,50,0.7959088285578695
ITC,0.5447,0.5044,VWAP_Z_TARGET,1,0.8053825095174163
ITC,0.5926,0.5535,VWAP_Z_TARGET,3,0.7826976127772841
ITC,-0.9229,-0.969,STOP_LOSS,1,0.9228883289440988
ITC,2.7096,2.6638,TIME_HORIZON,50,0.9157202505576484
ITC,-1.016,-1.0668,STOP_LOSS,2,1.016004175390354
ITC,-0.8758,-0.9196,STOP_LOSS,21,0.8758193705963325
ITC,3.8705,3.8244,TIME_HORIZON,50,0.922080487823892
ITC,-0.8948,-0.9395,STOP_LOSS,11,0.8947871901976957
ITC,1.6809,1.6338,TIME_HORIZON,50,0.941659060518611
ITC,-0.9426,-0.9897,STOP_LOSS,1,0.9425826142319507
ITC,1.5704,1.5187,TIME_HORIZON,50,1.0348078299623653
ITC,-1.0239,-1.0751,STOP_LOSS,41,1.0239300673307048
ITC,-1.0914,-1.146,STOP_LOSS,3,1.0914249172066106
ITC,-1.0787,-1.1326,STOP_LOSS,17,1.07870769464492
ITC,1.528,1.4865,VWAP_Z_TARGET,24,0.8300953862514439
ITC,-0.8388,-0.8807,STOP_LOSS,4,0.8387716884087992
ITC,-0.6621,-0.6952,STOP_LOSS,1,0.6621401818861594
ITC,0.0,-0.0408,TIME_HORIZON,50,0.8153679029472406
ITC,-0.6458,-0.6781,STOP_LOSS,4,0.6458200246234739
ITC,0.1739,0.1325,TIME_HORIZON,50,0.8270740172364317
ITC,-0.654,-0.6866,STOP_LOSS,1,0.6539518120655022
ITC,-0.5328,-0.5594,STOP_LOSS,19,0.5327662684458515
ITC,-0.7334,-0.7701,STOP_LOSS,9,0.7334031705919961
ITC,-0.8311,-0.8727,STOP_LOSS,27,0.8311102744918495
JSWSTEEL,1.0335,1.0007,VWAP_Z_TARGET,16,0.6567771921442946
JSWSTEEL,3.0429,3.0023,VWAP_Z_TARGET,24,0.8117178167146202
JSWSTEEL,-0.9432,-0.9904,STOP_LOSS,12,0.9432024717002341
JSWSTEEL,2.759,2.7121,TIME_HORIZON,50,0.9374969457168131
JSWSTEEL,3.7921,3.7534,VWAP_Z_TARGET,46,0.7731618799071966
JSWSTEEL,-0.9162,-0.962,STOP_LOSS,15,0.9162133159350376
JSWSTEEL,0.6177,0.5817,VWAP_Z_TARGET,1,0.7183303540512753
JSWSTEEL,0.7943,0.7584,TIME_HORIZON,50,0.7166896625879755
JSWSTEEL,0.8204,0.7793,TIME_HORIZON,50,0.8218543519999381
JSWSTEEL,-0.8156,-0.8563,STOP_LOSS,8,0.8155540605248709
JSWSTEEL,-0.6459,-0.6782,STOP_LOSS,3,0.6458878423674096
JSWSTEEL,1.2614,1.22,TIME_HORIZON,50,0.8271214896571867
JSWSTEEL,-0.8014,-0.8415,STOP_LOSS,5,0.8014213385959469
JSWSTEEL,-0.8453,-0.8875,STOP_LOSS,2,0.8452624376185659
JSWSTEEL,1.0309,0.9976,VWAP_Z_TARGET,1,0.6666837063329961
JSWSTEEL,-0.8406,-0.8826,STOP_LOSS,40,0.8406147646458677
JSWSTEEL,0.0904,0.046,TIME_HORIZON,50,0.8896022102521112
JSWSTEEL,1.5236,1.4786,TIME_HORIZON,50,0.9002853626713235
JSWSTEEL,-0.9809,-1.0299,STOP_LOSS,6,0.9808922746455522
JSWSTEEL,-0.8966,-0.9414,STOP_LOSS,7,0.8965821464563123
JSWSTEEL,1.2601,1.2178,TIME_HORIZON,50,0.8449837971109051
JSWSTEEL,6.4926,6.4452,VWAP_Z_TARGET,33,0.9485972790023169
JSWSTEEL,-0.9985,-1.0484,STOP_LOSS,48,0.9984785627307642
JSWSTEEL,-0.8306,-0.8722,STOP_LOSS,5,0.8306477283636542
JSWSTEEL,-0.771,-0.8096,STOP_LOSS,33,0.7710440290687179
JSWSTEEL,1.8218,1.7802,VWAP_Z_TARGET,30,0.8328352607432251
JSWSTEEL,-0.958,-1.0059,STOP_LOSS,2,0.9579846825202574
JSWSTEEL,-0.8599,-0.9029,STOP_LOSS,11,0.8598874014611937
JSWSTEEL,-0.9312,-0.9778,STOP_LOSS,1,0.9311983230825601
JSWSTEEL,-0.8406,-0.8826,STOP_LOSS,10,0.8405785845025463
NTPC,0.3199,0.2842,VWAP_Z_TARGET,1,0.7157501739471483
NTPC,-0.7716,-0.8102,STOP_LOSS,7,0.7716332298711035
NTPC,0.7285,0.6961,VWAP_Z_TARGET,2,0.6490040204034456
NTPC,-0.68,-0.714,STOP_LOSS,22,0.6799712634802768
NTPC,-0.7564,-0.7942,STOP_LOSS,1,0.7563835850249205
NTPC,-0.815,-0.8558,STOP_LOSS,24,0.8150031007124271
NTPC,1.9953,1.9552,TIME_HORIZON,50,0.8016799428124437
NTPC,0.2437,0.2073,TIME_HORIZON,50,0.7285507467573566
NTPC,1.53,1.4885,VWAP_Z_TARGET,46,0.8289885390819524
NTPC,4.4082,4.3687,VWAP_Z_TARGET,39,0.7904905554402311
NTPC,2.2458,2.2002,VWAP_Z_TARGET,18,0.9106440991475424
NTPC,0.8642,0.8286,VWAP_Z_TARGET,1,0.7124508694032795
NTPC,-0.7531,-0.7908,STOP_LOSS,22,0.7531385601145725
NTPC,-0.8292,-0.8706,STOP_LOSS,25,0.8291837470470917
ONGC,0.4517,0.4189,VWAP_Z_TARGET,1,0.6554286229329642
ONGC,-0.7741,-0.8128,STOP_LOSS,39,0.7741332256152935
ONGC,4.4551,4.4143,VWAP_Z_TARGET,46,0.815134353014606
ONGC,-0.6456,-0.6779,STOP_LOSS,3,0.6455940471102241
ONGC,1.6829,1.6456,TIME_HORIZON,50,0.7452887310978301
ONGC,-0.8672,-0.9105,STOP_LOSS,7,0.8671672960867818
ONGC,0.661,0.6261,VWAP_Z_TARGET,3,0.6987753490189742
ONGC,0.3112,0.283,VWAP_Z_TARGET,3,0.5641427443132819
ONGC,-0.7637,-0.8019,STOP_LOSS,8,0.7637072604688439
ONGC,0.6825,0.6496,VWAP_Z_TARGET,4,0.658152520125958
POWERGRID,0.6908,0.6618,VWAP_Z_TARGET,1,0.579909767264613
POWERGRID,-0.7809,-0.82,STOP_LOSS,2,0.780936837085229
POWERGRID,-0.9217,-0.9677,STOP_LOSS,6,0.9216557859596602
POWERGRID,0.0829,0.0419,TIME_HORIZON,50,0.8208386974899083
POWERGRID,-0.6496,-0.6821,STOP_LOSS,2,0.6495870882429358
POWERGRID,1.4133,1.3795,TIME_HORIZON,50,0.6772945763757735
POWERGRID,-0.7541,-0.7918,STOP_LOSS,1,0.7541211735229245
POWERGRID,0.6615,0.6297,TIME_HORIZON,50,0.6345808716440492
POWERGRID,2.1443,2.114,TIME_HORIZON,50,0.6065408276574588
POWERGRID,-0.5,-0.525,STOP_LOSS,2,0.5
POWERGRID,0.5281,0.5031,VWAP_Z_TARGET,3,0.5
SBILIFE,-0.6723,-0.7059,STOP_LOSS,11,0.6722935038865083
SBILIFE,0.6483,0.6184,TIME_HORIZON,40,0.5984870278858371
SBILIFE,-0.7939,-0.8336,STOP_LOSS,5,0.7939409195200859
SBILIFE,1.8301,1.7941,VWAP_Z_TARGET,1,0.7199593239361795
SBILIFE,0.3433,0.3025,TIME_HORIZON,40,0.816585445562281
SBILIFE,0.0277,-0.0197,TIME_HORIZON,40,0.9466098118935966
SBILIFE,-0.7376,-0.7745,STOP_LOSS,7,0.7376268683255176
SBILIFE,-0.5913,-0.6209,STOP_LOSS,4,0.5913388078278623
SBILIFE,0.5234,0.4984,VWAP_Z_TARGET,7,0.5
SBILIFE,-0.5,-0.525,STOP_LOSS,2,0.5
SBILIFE,0.6883,0.661,TIME_HORIZON,40,0.545413813181445
SBIN,-0.6922,-0.7268,STOP_LOSS,5,0.6921742230698754
SBIN,0.8054,0.7625,TIME_HORIZON,40,0.8595219561489128
SBIN,2.0729,2.0264,VWAP_Z_TARGET,21,0.9289787354195604
SBIN,-0.9936,-1.0433,STOP_LOSS,1,0.9936487271051746
SBIN,-0.9268,-0.9732,STOP_LOSS,1,0.9268234047154589
SBIN,-0.7238,-0.76,STOP_LOSS,4,0.7237763833008212
SBIN,-0.8816,-0.9257,STOP_LOSS,6,0.8816434683105748
SBIN,2.8938,2.8442,TIME_HORIZON,40,0.9921504278174024
SBIN,-0.8999,-0.9449,STOP_LOSS,11,0.8998748611736168
SBIN,-0.7551,-0.7929,STOP_LOSS,21,0.7551041921642647
SBIN,-0.7222,-0.7583,STOP_LOSS,1,0.7222379481128123
SBIN,0.7356,0.6983,VWAP_Z_TARGET,1,0.7447647819417698
SBIN,-0.7902,-0.8297,STOP_LOSS,20,0.7901546883097404
SBIN,-0.8758,-0.9196,STOP_LOSS,3,0.8757783882340837
SBIN,0.3797,0.3401,VWAP_Z_TARGET,2,0.792307085123781
SBIN,-0.9296,-0.9761,STOP_LOSS,1,0.9296149595866467
SBIN,-0.9363,-0.9831,STOP_LOSS,19,0.9363280674569675
SBIN,0.9228,0.875,VWAP_Z_TARGET,2,0.9545115921365713
SHRIRAMFIN,-0.7806,-0.8196,STOP_LOSS,1,0.7805534518786176
SHRIRAMFIN,-0.8585,-0.9015,STOP_LOSS,12,0.8585261446387392
SHRIRAMFIN,-0.9318,-0.9784,STOP_LOSS,10,0.9317892972094309
SHRIRAMFIN,4.9996,4.9502,VWAP_Z_TARGET,28,0.9874952022435883
SHRIRAMFIN,-1.0662,-1.1196,STOP_LOSS,2,1.0662466415705116
SHRIRAMFIN,0.9982,0.9571,TIME_HORIZON,40,0.821372649099358
SHRIRAMFIN,-0.8225,-0.8637,STOP_LOSS,3,0.8225480938029274
SHRIRAMFIN,1.0043,0.9567,TIME_HORIZON,40,0.9507836656620492
SHRIRAMFIN,-0.7839,-0.8231,STOP_LOSS,18,0.7839053125104763
SHRIRAMFIN,-0.8015,-0.8416,STOP_LOSS,4,0.8015178252004098
SHRIRAMFIN,0.1083,0.063,TIME_HORIZON,40,0.904837525271858
SHRIRAMFIN,1.59,1.5404,TIME_HORIZON,40,0.9929525441105023
SHRIRAMFIN,-0.7701,-0.8086,STOP_LOSS,7,0.7700667808773516
SHRIRAMFIN,-0.8602,-0.9032,STOP_LOSS,8,0.8601715432676389
SHRIRAMFIN,-0.9241,-0.9703,STOP_LOSS,28,0.9240728769249296
SUNPHARMA,-0.9235,-0.9697,STOP_LOSS,5,0.9234880389080667
SUNPHARMA,-0.936,-0.9828,STOP_LOSS,9,0.935959952657796
SUNPHARMA,2.3673,2.3162,TIME_HORIZON,50,1.0212341667931863
SUNPHARMA,1.1285,1.0884,VWAP_Z_TARGET,15,0.8007331829004394
SUNPHARMA,0.7748,0.7385,TIME_HORIZON,50,0.7253516766389149
SUNPHARMA,1.9495,1.9079,VWAP_Z_TARGET,14,0.8315734187750284
SUNPHARMA,-0.8222,-0.8633,STOP_LOSS,4,0.8221939143452984
SUNPHARMA,-0.9112,-0.9568,STOP_LOSS,18,0.9112287730028003
SUNPHARMA,-0.9901,-1.0396,STOP_LOSS,21,0.9900693866279451
SUNPHARMA,-1.0406,-1.0926,STOP_LOSS,26,1.040586618983333
SUNPHARMA,1.0466,0.9932,TIME_HORIZON,50,1.0677713961348854
SUNPHARMA,2.2121,2.1606,TIME_HORIZON,50,1.029916395522133
SUNPHARMA,-0.8504,-0.8929,STOP_LOSS,28,0.8504249616803947
SUNPHARMA,-0.9703,-1.0188,STOP_LOSS,1,0.9702974731762762
SUNPHARMA,3.1483,3.102,VWAP_Z_TARGET,50,0.9263887795938112
SUNPHARMA,3.2008,3.1646,VWAP_Z_TARGET,10,0.7234721457156678
SUNPHARMA,-0.7656,-0.8039,STOP_LOSS,1,0.7656286564278979
TATASTEEL,-0.1423,-0.1728,TIME_HORIZON,50,0.6109400594995286
TATASTEEL,-0.7575,-0.7954,STOP_LOSS,45,0.7575188160487855
TATASTEEL,0.5185,0.4882,VWAP_Z_TARGET,1,0.6052631712341499
TATASTEEL,0.4519,0.4202,VWAP_Z_TARGET,1,0.6352733885699885
TATASTEEL,-0.8197,-0.8607,STOP_LOSS,3,0.8196913719989919
TATASTEEL,-0.8267,-0.868,STOP_LOSS,24,0.8267014654294667
TATASTEEL,-0.9537,-1.0014,STOP_LOSS,1,0.9536910258006267
TATASTEEL,-0.8204,-0.8615,STOP_LOSS,34,0.8204391251078219
TATASTEEL,1.1986,1.1512,TIME_HORIZON,50,0.9493073875754753
TATASTEEL,1.4485,1.4,TIME_HORIZON,50,0.9699817123018886
TATASTEEL,-0.8436,-0.8857,STOP_LOSS,1,0.8435660323046256
TATASTEEL,0.8245,0.7912,VWAP_Z_TARGET,14,0.6654962226132377
TATASTEEL,1.3168,1.2747,TIME_HORIZON,50,0.8408473558292664
TATASTEEL,-0.8763,-0.9202,STOP_LOSS,3,0.8763401846536137
TATASTEEL,2.105,2.0616,TIME_HORIZON,50,0.8683272007448068
TATASTEEL,-0.8338,-0.8754,STOP_LOSS,1,0.833753355440889
TATASTEEL,1.8431,1.7951,VWAP_Z_TARGET,13,0.9586273488086223
TATASTEEL,5.7276,5.6753,VWAP_Z_TARGET,44,1.0460391441660355
TATASTEEL,0.225,0.1718,TIME_HORIZON,50,1.0646040129592738
TATASTEEL,4.3612,4.3078,TIME_HORIZON,50,1.0676853714675034
TATASTEEL,-0.8224,-0.8635,STOP_LOSS,1,0.8223797600272523
TATASTEEL,-0.6507,-0.6832,STOP_LOSS,19,0.6506658320190766
TATASTEEL,0.6759,0.6438,VWAP_Z_TARGET,38,0.6418748378218546
TCS,-0.8243,-0.8655,STOP_LOSS,26,0.8243123864752983
TCS,0.9503,0.9135,VWAP_Z_TARGET,4,0.7358019987024188
TCS,-0.6053,-0.6355,STOP_LOSS,6,0.6052843314511211
TCS,2.0636,2.0352,TIME_HORIZON,50,0.5697240356360139
TCS,1.2777,1.2495,VWAP_Z_TARGET,18,0.5652027599696153
TCS,0.1653,0.1387,TIME_HORIZON,50,0.5317212198712519
TCS,2.0969,2.0698,TIME_HORIZON,50,0.5424066390953795
TCS,-0.6083,-0.6387,STOP_LOSS,14,0.6082822573755462
TCS,-0.6891,-0.7236,STOP_LOSS,1,0.6891195380908605
TCS,-0.5574,-0.5853,STOP_LOSS,2,0.5573836766636022
TCS,0.5517,0.5267,VWAP_Z_TARGET,1,0.5
TCS,-0.6147,-0.6454,STOP_LOSS,1,0.6146841221665467
TCS,-0.5291,-0.5556,STOP_LOSS,2,0.5291495800394623
TECHM,-0.7454,-0.7827,STOP_LOSS,3,0.7454047060276235
TECHM,0.6235,0.5937,VWAP_Z_TARGET,1,0.5967832942193365
TECHM,-0.7777,-0.8166,STOP_LOSS,5,0.7777383055368533
TECHM,0.4266,0.3956,VWAP_Z_TARGET,2,0.6194168138757973
TECHM,0.7645,0.7298,TIME_HORIZON,50,0.6933788650856471
TECHM,3.3726,3.3337,TIME_HORIZON,50,0.7794907963769466
TECHM,-0.6206,-0.6517,STOP_LOSS,19,0.6206435574638626
TECHM,-0.1429,-0.1684,TIME_HORIZON,50,0.5094504902247038
TECHM,1.9279,1.8916,TIME_HORIZON,50,0.7259110385525832
TECHM,0.9004,0.8655,VWAP_Z_TARGET,2,0.6979736613605596
TECHM,0.4094,0.3813,VWAP_Z_TARGET,5,0.5635815629523917
TECHM,-0.685,-0.7193,STOP_LOSS,5,0.6850236366943342
